Entity,Year,Country code,male suicide rate,female suicide rate
Afghanistan,2004,AFG,4.884803772,8.630155563
Albania,2004,ALB,9.330574036,6.060874939
Algeria,2004,DZA,5.145025253,4.600764751
Andorra,2004,AND,8.048293114,2.902797222
Angola,2004,AGO,21.47297668,8.143819809
Antigua and Barbuda,2004,ATG,4.430495262,
Argentina,1966,ARG,12.20396,3.773803
Argentina,1967,ARG,15.55211,4.522207
Argentina,1968,ARG,16.78204,4.950262
Argentina,1969,ARG,16.7764,4.47279
Argentina,1970,ARG,16.04499,5.086274
Argentina,1977,ARG,11.71793,4.095239
Argentina,1978,ARG,11.94934,4.20104
Argentina,1979,ARG,10.19954,3.768375
Argentina,1980,ARG,11.59206,3.895963
Argentina,1981,ARG,12.98644,3.973988
Argentina,1982,ARG,11.06296,3.379611
Argentina,1983,ARG,9.592617,3.553246
Argentina,1984,ARG,10.37836,3.264729
Argentina,1985,ARG,10.73983,3.57422
Argentina,1986,ARG,12.03627,4.305565
Argentina,1987,ARG,11.58906,4.496664
Argentina,1988,ARG,11.82209,4.194231
Argentina,1989,ARG,11.35565,3.802261
Argentina,1990,ARG,10.51878,3.655709
Argentina,1991,ARG,9.852893,2.975335
Argentina,1992,ARG,11.32803,2.9983
Argentina,1993,ARG,11.57395,2.870972
Argentina,1994,ARG,11.19603,2.945701
Argentina,1995,ARG,10.77449,2.831591
Argentina,1996,ARG,10.63765,2.955786
Argentina,1997,ARG,10.30783,3.053083
Argentina,1998,ARG,10.91713,2.805949
Argentina,1999,ARG,11.39431,2.604184
Argentina,2000,ARG,12.92308,2.917899
Argentina,2001,ARG,14.0125,3.537312
Argentina,2002,ARG,13.75238,3.624188
Argentina,2003,ARG,14.32759,3.470717
Argentina,2004,ARG,13.3532,3.28949
Armenia,2004,ARM,6.392276287,1.542518139
Australia,1950,AUS,13.89218,4.559263
Australia,1951,AUS,14.318,4.573612
Australia,1952,AUS,15.99589,5.168044
Australia,1953,AUS,15.86971,5.885497
Australia,1954,AUS,16.23365,5.378865
Australia,1955,AUS,15.49302,5.318667
Australia,1956,AUS,16.03185,5.7286
Australia,1957,AUS,17.84965,6.757056
Australia,1958,AUS,19.05134,6.139689
Australia,1959,AUS,16.91927,5.798526
Australia,1960,AUS,15.61751,6.195316
Australia,1961,AUS,17.6378,6.841145
Australia,1962,AUS,19.69866,8.803148
Australia,1963,AUS,22.00281,10.87834
Australia,1964,AUS,20.24845,10.17107
Australia,1965,AUS,19.79254,11.19239
Australia,1966,AUS,18.46308,10.9659
Australia,1967,AUS,20.10027,11.42143
Australia,1968,AUS,17.81481,8.789992
Australia,1969,AUS,17.69678,8.080665
Australia,1970,AUS,18.06028,7.769779
Australia,1971,AUS,18.94889,9.616284
Australia,1972,AUS,17.58323,8.662896
Australia,1973,AUS,16.49461,7.727494
Australia,1974,AUS,16.73973,7.592533
Australia,1975,AUS,15.81281,7.196371
Australia,1976,AUS,16.26861,5.920273
Australia,1977,AUS,16.4062,6.31923
Australia,1978,AUS,16.04263,6.624237
Australia,1979,AUS,16.75487,6.605552
Australia,1980,AUS,16.48452,5.547964
Australia,1981,AUS,16.8945,5.491399
Australia,1982,AUS,17.21728,5.708966
Australia,1983,AUS,16.63548,5.029721
Australia,1984,AUS,16.99337,5.075873
Australia,1985,AUS,17.79891,5.098112
Australia,1986,AUS,19.13559,5.602667
Australia,1987,AUS,20.54657,5.035711
Australia,1988,AUS,19.85528,5.167239
Australia,1989,AUS,18.75663,4.624014
Australia,1990,AUS,19.78778,4.798937
Australia,1991,AUS,19.98861,5.228232
Australia,1992,AUS,19.48194,4.89091
Australia,1993,AUS,17.68173,4.123482
Australia,1994,AUS,19.90309,4.31111
Australia,1995,AUS,18.06133,4.759037
Australia,1996,AUS,20.42005,4.651205
Australia,1997,AUS,21.60116,5.565905
Australia,1998,AUS,21.56089,5.183353
Australia,1999,AUS,20.07539,4.872392
Australia,2000,AUS,18.68202,4.892426
Australia,2001,AUS,18.95002,4.904302
Australia,2002,AUS,17.50702,4.672353
Australia,2003,AUS,15.9637,4.357681
Australia,2004,AUS,15.45678,4.001978
Austria,1955,AUT,29.9986,13.03628
Austria,1956,AUT,29.41163,12.27382
Austria,1957,AUT,31.28951,12.48098
Austria,1958,AUT,30.85925,12.57883
Austria,1959,AUT,32.8964,12.87934
Austria,1960,AUT,30.00605,12.32755
Austria,1961,AUT,29.02644,11.31911
Austria,1962,AUT,30.66251,10.88243
Austria,1963,AUT,28.86131,11.50477
Austria,1964,AUT,31.15179,10.76881
Austria,1965,AUT,30.12741,11.91786
Austria,1966,AUT,31.14718,11.47748
Austria,1967,AUT,30.58935,10.59512
Austria,1968,AUT,30.88516,10.37276
Austria,1969,AUT,29.9316,11.80839
Austria,1970,AUT,34.50694,11.48161
Austria,1971,AUT,30.41938,11.95893
Austria,1972,AUT,32.07743,11.69622
Austria,1973,AUT,30.33344,10.86969
Austria,1974,AUT,32.44387,11.7306
Austria,1975,AUT,33.85298,11.20179
Austria,1976,AUT,31.4998,10.42361
Austria,1977,AUT,32.55373,12.14137
Austria,1978,AUT,34.55973,11.56861
Austria,1979,AUT,34.22878,11.96192
Austria,1980,AUT,35.08724,11.6723
Austria,1981,AUT,36.64823,12.16062
Austria,1982,AUT,38.58706,11.47526
Austria,1983,AUT,36.33307,12.00734
Austria,1984,AUT,36.24397,11.55282
Austria,1985,AUT,36.632,12.29975
Austria,1986,AUT,37.60686,12.68535
Austria,1987,AUT,35.30519,11.83288
Austria,1988,AUT,32.06349,10.14236
Austria,1989,AUT,31.599,11.04587
Austria,1990,AUT,30.09333,10.01155
Austria,1991,AUT,29.86096,8.896665
Austria,1992,AUT,29.15996,9.188734
Austria,1993,AUT,27.89434,8.58971
Austria,1994,AUT,28.66391,9.264556
Austria,1995,AUT,29.59781,8.037958
Austria,1996,AUT,29.11086,7.675908
Austria,1997,AUT,25.71262,7.532901
Austria,1998,AUT,25.55881,6.980475
Austria,1999,AUT,24.21744,7.582592
Austria,2000,AUT,25.11893,7.811996
Austria,2001,AUT,23.35394,7.079841
Austria,2002,AUT,25.14929,6.394913
Austria,2003,AUT,22.30559,6.941166
Austria,2004,AUT,22.4088,5.982184
Azerbaijan,1981,AZE,7.927753,3.826715
Azerbaijan,1982,AZE,7.157553,2.853445
Azerbaijan,1985,AZE,6.943275,2.51677
Azerbaijan,1986,AZE,6.119931,2.680833
Azerbaijan,1987,AZE,6.665195,2.909419
Azerbaijan,1988,AZE,5.681418,2.534463
Azerbaijan,1989,AZE,5.886524,2.491978
Azerbaijan,1990,AZE,3.321677,0.832518
Azerbaijan,1991,AZE,3.370187,1.008676
Azerbaijan,1992,AZE,3.772966,1.089356
Azerbaijan,1993,AZE,2.789392,1.028466
Azerbaijan,1994,AZE,1.096277,0.5496479
Azerbaijan,1995,AZE,1.481606,0.1800632
Azerbaijan,1996,AZE,1.912715,0.3849193
Azerbaijan,1997,AZE,2.83542,0.6182882
Azerbaijan,1998,AZE,1.279725,0.4200949
Azerbaijan,1999,AZE,1.271021,0.3348784
Azerbaijan,2000,AZE,1.318945,0.3883553
Azerbaijan,2004,AZE,2.332625866,0.545843542
Bahamas,2004,BHS,5.236285686,1.609110832
Bahrain,1985,BHR,3.004878,0.9027397
Bahrain,1987,BHR,3.165804,1.102464
Bahrain,1988,BHR,3.908124,0.6495454
Bahrain,1999,BHR,2.682337,0.9799417
Bahrain,2000,BHR,5.668147,0.3023646
Bahrain,2001,BHR,4.347687,0.9313131
Bahrain,2004,BHR,6.751053333,0.739074409
Bangladesh,2004,BGD,14.80530262,14.39273071
Barbados,2004,BRB,5.563058376,0.706947982
Belarus,1981,BLR,43.05365,7.598261
Belarus,1982,BLR,46.55949,7.861515
Belarus,1985,BLR,39.40578,7.038442
Belarus,1986,BLR,29.19821,6.212348
Belarus,1987,BLR,30.94182,7.177848
Belarus,1988,BLR,29.90354,6.634208
Belarus,1989,BLR,36.13258,7.002693
Belarus,1990,BLR,33.62659,6.732969
Belarus,1991,BLR,34.95369,6.723573
Belarus,1992,BLR,39.10175,7.351676
Belarus,1993,BLR,46.87016,8.073069
Belarus,1994,BLR,51.30384,8.660213
Belarus,1995,BLR,53.61209,7.978991
Belarus,1997,BLR,58.47642,8.894451
Belarus,1998,BLR,59.41307,8.242284
Belarus,1999,BLR,56.92015,8.470365
Belarus,2000,BLR,58.47842,7.625254
Belarus,2001,BLR,55.03092,7.420166
Belarus,2002,BLR,54.27013,7.895929
Belarus,2003,BLR,56.4411,8.071535
Belarus,2004,BLR,57.22063446,8.473065376
Belgium,1954,BEL,17.54742,5.845822
Belgium,1955,BEL,16.99986,5.675556
Belgium,1956,BEL,17.72301,6.93027
Belgium,1957,BEL,17.9598,6.829298
Belgium,1958,BEL,18.53559,6.465755
Belgium,1959,BEL,16.2762,5.952488
Belgium,1960,BEL,18.6682,6.432151
Belgium,1961,BEL,18.87755,6.508991
Belgium,1962,BEL,17.22317,6.070828
Belgium,1963,BEL,17.01497,7.051043
Belgium,1964,BEL,17.72499,6.545495
Belgium,1965,BEL,18.43109,7.809211
Belgium,1966,BEL,17.82164,7.103776
Belgium,1967,BEL,18.60177,7.427735
Belgium,1968,BEL,18.88451,8.124631
Belgium,1969,BEL,18.76591,7.336564
Belgium,1970,BEL,19.36163,9.104628
Belgium,1971,BEL,19.15955,7.747962
Belgium,1972,BEL,18.9058,8.350213
Belgium,1973,BEL,18.43134,7.426606
Belgium,1974,BEL,19.23102,8.438783
Belgium,1975,BEL,18.66548,9.46524
Belgium,1976,BEL,19.73664,9.491047
Belgium,1977,BEL,22.41677,11.14024
Belgium,1978,BEL,24.58786,11.76284
Belgium,1979,BEL,25.14716,12.22354
Belgium,1980,BEL,25.43906,13.27547
Belgium,1981,BEL,26.31382,12.13564
Belgium,1982,BEL,26.74868,11.46261
Belgium,1983,BEL,26.91315,13.17877
Belgium,1984,BEL,28.83404,12.49918
Belgium,1985,BEL,27.58702,12.08548
Belgium,1986,BEL,26.65812,11.64273
Belgium,1987,BEL,27.84456,11.00628
Belgium,1988,BEL,24.33073,10.16998
Belgium,1989,BEL,23.77078,9.148507
Belgium,1990,BEL,22.98705,9.330912
Belgium,1991,BEL,22.46683,8.275788
Belgium,1992,BEL,23.03405,8.604388
Belgium,1993,BEL,27.39968,9.10681
Belgium,1994,BEL,27.13221,9.127212
Belgium,1995,BEL,27.09059,9.434156
Belgium,1998,BEL,25.35307,8.5783
Belgium,1999,BEL,23.3854,7.752482
Belgium,2004,BEL,24.10343,8.197042
Belize,2004,BLZ,16.92072868,1.82664001
Benin,2004,BEN,7.956352234,4.418571949
Bhutan,2004,BTN,18.21920967,12.63560295
Bolivia,2004,BOL,2.969733477,1.176829338
Bosnia and Herzegovina,1985,BIH,16.3323,4.601067
Bosnia and Herzegovina,1986,BIH,18.28368,5.578468
Bosnia and Herzegovina,1987,BIH,17.01955,5.648069
Bosnia and Herzegovina,1988,BIH,15.55702,4.264499
Bosnia and Herzegovina,1989,BIH,16.46358,3.86869
Bosnia and Herzegovina,1990,BIH,17.07744,3.785358
Bosnia and Herzegovina,1991,BIH,19.39172,3.27064
Bosnia and Herzegovina,2004,BIH,18.32401085,6.068046093
Botswana,2004,BWA,13.51235485,9.206121445
Brazil,1982,BRA,5.755142,1.947609
Brazil,1983,BRA,6.410013,2.26725
Brazil,1984,BRA,6.256275,2.021245
Brazil,1985,BRA,5.968798,1.853886
Brazil,1986,BRA,5.911354,1.943074
Brazil,1987,BRA,6.251299,1.93474
Brazil,1988,BRA,5.751139,1.841214
Brazil,1989,BRA,5.703507,1.668564
Brazil,1990,BRA,5.882924,1.874173
Brazil,1991,BRA,6.350536,1.790918
Brazil,1992,BRA,6.344799,1.68751
Brazil,1993,BRA,6.478353,1.6468
Brazil,1994,BRA,6.76115,1.734251
Brazil,1995,BRA,7.532055,1.895723
Brazil,1996,BRA,7.540172,1.842513
Brazil,1997,BRA,7.696878,1.82712
Brazil,1998,BRA,7.559261,1.810481
Brazil,1999,BRA,7.024154,1.499834
Brazil,2000,BRA,7.046959,1.642224
Brazil,2001,BRA,7.816219,1.801882
Brazil,2002,BRA,7.419659,1.923308
Brazil,2003,BRA,7.534978,1.771712
Brazil,2004,BRA,7.456256,1.858153
Brunei,2004,BRN,2.314272642,0.375145286
Bulgaria,1964,BGR,12.42583,4.988511
Bulgaria,1965,BGR,11.98519,5.975726
Bulgaria,1966,BGR,13.80761,5.58489
Bulgaria,1967,BGR,14.45061,5.478089
Bulgaria,1968,BGR,12.91787,6.077128
Bulgaria,1969,BGR,14.96132,6.873514
Bulgaria,1970,BGR,15.68739,6.879066
Bulgaria,1971,BGR,16.56146,6.43973
Bulgaria,1972,BGR,15.01032,6.071483
Bulgaria,1973,BGR,15.31942,6.03754
Bulgaria,1974,BGR,16.5959,6.5073
Bulgaria,1975,BGR,16.90427,6.496712
Bulgaria,1976,BGR,18.26727,7.020559
Bulgaria,1977,BGR,18.83344,6.84496
Bulgaria,1978,BGR,17.51578,6.798341
Bulgaria,1979,BGR,17.9175,7.439748
Bulgaria,1980,BGR,17.07483,7.046616
Bulgaria,1981,BGR,17.22673,6.696206
Bulgaria,1982,BGR,19.59806,7.364737
Bulgaria,1983,BGR,17.09483,5.688814
Bulgaria,1984,BGR,21.47015,7.712174
Bulgaria,1985,BGR,20.39728,7.307676
Bulgaria,1986,BGR,19.65689,7.483826
Bulgaria,1987,BGR,21.20062,7.293007
Bulgaria,1988,BGR,20.13602,7.417935
Bulgaria,1989,BGR,20.532,7.1627
Bulgaria,1990,BGR,18.2777,6.729357
Bulgaria,1991,BGR,19.76532,6.157265
Bulgaria,1992,BGR,22.5407,7.011856
Bulgaria,1993,BGR,21.06948,7.656058
Bulgaria,1994,BGR,21.0789,7.263122
Bulgaria,1995,BGR,20.62824,7.016848
Bulgaria,1996,BGR,22.6841,7.075727
Bulgaria,1997,BGR,20.29183,7.83246
Bulgaria,1998,BGR,21.72878,7.508582
Bulgaria,1999,BGR,19.59204,5.760809
Bulgaria,2000,BGR,20.47067,6.385141
Bulgaria,2001,BGR,19.37578,6.135974
Bulgaria,2002,BGR,19.95738,5.639285
Bulgaria,2003,BGR,16.42971,5.019393
Bulgaria,2004,BGR,15.23398,4.429179
Burkina Faso,2004,BFA,11.11455154,5.665971756
Burundi,2004,BDI,23.38735199,7.297821045
Cambodia,2004,KHM,6.975902557,3.420325994
Cameroon,2004,CMR,9.264327049,5.32839632
Canada,1950,CAN,12.51228,3.701859
Canada,1951,CAN,11.79205,3.834756
Canada,1952,CAN,11.81356,3.627389
Canada,1953,CAN,11.74572,3.410489
Canada,1954,CAN,11.7628,3.741708
Canada,1955,CAN,11.60801,3.635554
Canada,1956,CAN,12.81928,3.781025
Canada,1957,CAN,12.84387,3.565373
Canada,1958,CAN,13.10699,3.267719
Canada,1959,CAN,12.77226,3.432731
Canada,1960,CAN,13.38076,3.347038
Canada,1961,CAN,13.31418,3.285075
Canada,1962,CAN,12.55741,3.417043
Canada,1963,CAN,12.78528,4.184049
Canada,1964,CAN,13.86395,4.573519
Canada,1965,CAN,14.53212,5.013979
Canada,1966,CAN,14.28775,4.816313
Canada,1967,CAN,14.71367,5.281665
Canada,1968,CAN,15.73342,5.707197
Canada,1969,CAN,16.94827,6.693918
Canada,1970,CAN,17.57492,6.85581
Canada,1971,CAN,18.49803,6.870836
Canada,1972,CAN,18.37494,7.348289
Canada,1973,CAN,18.82068,7.401609
Canada,1974,CAN,19.31564,7.404959
Canada,1975,CAN,18.13231,7.020964
Canada,1976,CAN,18.59252,7.364343
Canada,1977,CAN,21.10947,7.323486
Canada,1978,CAN,22.04765,7.249467
Canada,1979,CAN,20.92013,6.893365
Canada,1980,CAN,20.71511,6.64391
Canada,1981,CAN,20.54513,6.568106
Canada,1982,CAN,21.6451,6.296635
Canada,1983,CAN,22.32728,6.628303
Canada,1984,CAN,20.37497,5.813638
Canada,1985,CAN,19.35044,5.098656
Canada,1986,CAN,21.53621,5.993124
Canada,1987,CAN,20.88439,5.735684
Canada,1988,CAN,20.1366,5.511722
Canada,1989,CAN,19.67531,5.555664
Canada,1990,CAN,19.16189,4.865834
Canada,1991,CAN,20.17595,4.760344
Canada,1992,CAN,19.44672,5.139292
Canada,1993,CAN,19.56115,4.978075
Canada,1994,CAN,19.14119,4.922986
Canada,1995,CAN,20.02859,5.047436
Canada,1996,CAN,19.53172,5.167635
Canada,1997,CAN,18.1415,4.624682
Canada,1998,CAN,18.03863,4.641982
Canada,1999,CAN,19.48591,4.892793
Canada,2000,CAN,16.7276,4.77592
Canada,2001,CAN,16.87974,4.744035
Canada,2002,CAN,16.43473,4.632044
Canada,2003,CAN,16.5229,4.803301
Canada,2004,CAN,15.45435,4.828558
Cape Verde,2004,CPV,6.932240009,4.764701843
Central African Republic,2004,CAF,19.05239296,8.773792267
Chad,2004,TCD,11.47701836,5.371674538
Chile,1955,CHL,10.14658,1.705518
Chile,1956,CHL,15.55472,3.286162
Chile,1957,CHL,16.05564,2.787757
Chile,1958,CHL,13.85695,2.964926
Chile,1959,CHL,11.89201,2.39578
Chile,1960,CHL,15.52745,3.64664
Chile,1961,CHL,14.98439,4.176262
Chile,1962,CHL,13.58447,2.89764
Chile,1963,CHL,8.365624,0.8644308
Chile,1964,CHL,5.9983,1.288428
Chile,1965,CHL,3.899587,1.139999
Chile,1966,CHL,13.75362,3.682542
Chile,1967,CHL,4.736737,0.7630991
Chile,1968,CHL,17.60976,3.92298
Chile,1969,CHL,14.13075,3.416939
Chile,1970,CHL,12.57828,2.793142
Chile,1971,CHL,12.44193,2.091359
Chile,1972,CHL,11.66373,2.313092
Chile,1973,CHL,10.65717,2.220561
Chile,1974,CHL,11.86406,1.960531
Chile,1975,CHL,14.49703,2.509824
Chile,1976,CHL,11.0874,2.519268
Chile,1977,CHL,12.69665,1.640443
Chile,1978,CHL,10.73624,1.852657
Chile,1979,CHL,11.62537,2.253324
Chile,1980,CHL,9.521648,1.48823
Chile,1981,CHL,11.19215,2.07544
Chile,1982,CHL,11.66377,1.493241
Chile,1983,CHL,11.23366,1.791543
Chile,1984,CHL,12.28858,1.742825
Chile,1985,CHL,11.34721,2.013265
Chile,1986,CHL,10.16231,2.029685
Chile,1987,CHL,10.46597,2.036328
Chile,1988,CHL,10.52443,1.897084
Chile,1989,CHL,10.99345,1.596402
Chile,1990,CHL,11.00416,1.726302
Chile,1991,CHL,11.09824,2.030589
Chile,1992,CHL,9.234569,1.422202
Chile,1993,CHL,10.30432,1.73219
Chile,1994,CHL,11.1224,1.426363
Chile,1995,CHL,12.47464,1.791788
Chile,1996,CHL,11.97944,1.71192
Chile,1997,CHL,11.48508,1.860289
Chile,1998,CHL,13.05255,1.777482
Chile,1999,CHL,12.82792,1.834275
Chile,2000,CHL,17.53683,2.69615
Chile,2001,CHL,18.80452,2.945508
Chile,2002,CHL,17.88378,3.088813
Chile,2003,CHL,18.17283,3.112759
Chile,2004,CHL,18.62864,3.206247
China,2004,CHN,15.98352337,18.02147102
Colombia,1953,COL,1.927473,0.3979131
Colombia,1954,COL,3.257846,0.703688
Colombia,1955,COL,2.832612,0.3914769
Colombia,1956,COL,2.222309,0.3340232
Colombia,1957,COL,1.509441,0.2548287
Colombia,1958,COL,4.607212,1.547101
Colombia,1959,COL,5.305804,1.930941
Colombia,1960,COL,5.658239,1.765069
Colombia,1961,COL,6.966426,2.893297
Colombia,1962,COL,8.855237,2.765813
Colombia,1963,COL,8.351048,3.251587
Colombia,1964,COL,8.53073,3.631145
Colombia,1965,COL,11.05097,4.938983
Colombia,1966,COL,10.16444,4.73882
Colombia,1967,COL,11.5099,5.493619
Colombia,1968,COL,8.16477,2.756773
Colombia,1969,COL,6.431482,1.631767
Colombia,1972,COL,7.24022,2.245594
Colombia,1974,COL,7.248097,2.267192
Colombia,1975,COL,6.700744,2.168202
Colombia,1976,COL,6.727814,1.939155
Colombia,1977,COL,5.989031,1.501226
Colombia,1984,COL,7.092669,1.580137
Colombia,1985,COL,6.762831,1.499763
Colombia,1986,COL,6.019554,1.425974
Colombia,1987,COL,5.360235,1.123727
Colombia,1988,COL,5.296733,0.9852467
Colombia,1989,COL,4.640345,1.013285
Colombia,1990,COL,4.58136,1.137153
Colombia,1991,COL,5.343418,1.249398
Colombia,1992,COL,5.882868,1.350895
Colombia,1993,COL,5.963886,1.260327
Colombia,1994,COL,6.272415,1.526278
Colombia,1995,COL,5.592937,1.387697
Colombia,1996,COL,5.911886,1.302763
Colombia,1997,COL,5.70885,1.404484
Colombia,1998,COL,9.129813,2.406739
Colombia,1999,COL,9.395199,2.301252
Colombia,2000,COL,9.830948,2.505282
Colombia,2001,COL,9.949824,2.501183
Colombia,2002,COL,9.256611,2.506116
Colombia,2004,COL,8.890985,2.180043
Comoros,2004,COM,6.18409729,3.550222635
Congo,2004,COG,13.14991283,6.957852364
Cook Islands,2004,COK,5.35080862,3.290148497
Costa Rica,1962,CRI,5.527928,0.8727162
Costa Rica,1963,CRI,8.564259,1.64262
Costa Rica,1964,CRI,7.331346,1.174007
Costa Rica,1965,CRI,6.126972,0.498162
Costa Rica,1966,CRI,8.63411,0.7799269
Costa Rica,1967,CRI,8.684781,0.4272753
Costa Rica,1968,CRI,7.344354,0.6360087
Costa Rica,1969,CRI,8.362664,0.5877427
Costa Rica,1970,CRI,6.112966,0.6645824
Costa Rica,1971,CRI,8.017241,1.125805
Costa Rica,1972,CRI,7.379571,1.363301
Costa Rica,1973,CRI,6.336791,1.356756
Costa Rica,1974,CRI,8.985533,1.576568
Costa Rica,1975,CRI,9.019467,2.115221
Costa Rica,1976,CRI,13.07302,2.641876
Costa Rica,1977,CRI,8.485324,2.350467
Costa Rica,1978,CRI,8.334862,1.839676
Costa Rica,1979,CRI,7.694184,1.295663
Costa Rica,1980,CRI,10.61525,2.385492
Costa Rica,1981,CRI,8.247713,1.513461
Costa Rica,1982,CRI,8.343644,1.949306
Costa Rica,1983,CRI,11.52164,1.563824
Costa Rica,1984,CRI,9.22881,1.794858
Costa Rica,1985,CRI,10.31565,1.326825
Costa Rica,1986,CRI,11.83093,0.9740071
Costa Rica,1987,CRI,8.937768,1.57761
Costa Rica,1988,CRI,11.4233,1.248714
Costa Rica,1989,CRI,11.01365,2.198613
Costa Rica,1990,CRI,11.13284,1.337344
Costa Rica,1991,CRI,8.739034,1.246473
Costa Rica,1992,CRI,9.651018,1.535387
Costa Rica,1993,CRI,10.33389,1.856192
Costa Rica,1994,CRI,9.501804,1.901241
Costa Rica,1995,CRI,10.86659,2.291895
Costa Rica,1996,CRI,11.41977,1.38356
Costa Rica,1997,CRI,9.966523,1.613845
Costa Rica,1998,CRI,11.70698,1.299603
Costa Rica,1999,CRI,12.00752,1.254674
Costa Rica,2000,CRI,11.74255,1.522919
Costa Rica,2001,CRI,9.661507,1.455986
Costa Rica,2002,CRI,12.34662,1.933612
Costa Rica,2003,CRI,13.56202,2.442115
Costa Rica,2004,CRI,14.01306,2.148408
Cote d'Ivoire,2004,CIV,28.09916687,11.85433578
Croatia,1985,HRV,30.38738,10.02628
Croatia,1986,HRV,30.17093,9.546262
Croatia,1987,HRV,32.17424,10.73183
Croatia,1988,HRV,30.85986,11.11103
Croatia,1989,HRV,28.04429,10.14025
Croatia,1990,HRV,31.37354,10.20551
Croatia,1991,HRV,30.06224,9.989329
Croatia,1992,HRV,33.47615,9.034454
Croatia,1993,HRV,30.59909,9.667844
Croatia,1994,HRV,31.04424,9.080338
Croatia,1995,HRV,26.88384,7.616956
Croatia,1996,HRV,31.70749,8.89677
Croatia,1997,HRV,28.80243,8.328824
Croatia,1998,HRV,31.55601,9.316629
Croatia,1999,HRV,30.4769,8.638062
Croatia,2000,HRV,30.41285,7.595149
Croatia,2001,HRV,25.77935,6.665844
Croatia,2002,HRV,24.98528,6.912228
Croatia,2003,HRV,25.6826,5.606805
Croatia,2004,HRV,23.86886,7.074668
Cuba,1964,CUB,15.97404,8.704844
Cuba,1968,CUB,17.15462,10.60389
Cuba,1969,CUB,13.42893,10.65689
Cuba,1970,CUB,16.96527,11.06531
Cuba,1971,CUB,19.81159,12.11019
Cuba,1972,CUB,20.59531,13.99399
Cuba,1973,CUB,25.1382,13.32282
Cuba,1974,CUB,25.86386,16.35233
Cuba,1975,CUB,25.26874,15.75323
Cuba,1976,CUB,24.99421,17.38483
Cuba,1977,CUB,23.97922,18.4484
Cuba,1992,CUB,24.30702,17.22876
Cuba,1993,CUB,25.27676,17.2061
Cuba,1994,CUB,25.43201,14.70204
Cuba,1995,CUB,24.45931,14.09523
Cuba,1996,CUB,23.17361,11.42207
Cuba,1997,CUB,23.30941,10.52007
Cuba,1998,CUB,22.9506,10.80781
Cuba,1999,CUB,23.68713,9.469912
Cuba,2000,CUB,21.13802,8.589081
Cuba,2001,CUB,19.1257,7.20769
Cuba,2002,CUB,17.93988,7.033532
Cuba,2003,CUB,17.50294,5.714284
Cuba,2004,CUB,17.69127,5.674331
Cyprus,1999,CYP,0.265023,
Cyprus,2000,CYP,2.262353,
Cyprus,2004,CYP,0.980029,0.2754736
Czech Republic,1986,CZE,28.8535,9.503201
Czech Republic,1987,CZE,25.93634,8.125144
Czech Republic,1988,CZE,25.40523,8.98777
Czech Republic,1989,CZE,25.30838,8.210373
Czech Republic,1990,CZE,26.55952,8.271993
Czech Republic,1991,CZE,25.75252,7.742053
Czech Republic,1992,CZE,27.11848,7.50093
Czech Republic,1993,CZE,25.81005,7.470964
Czech Republic,1994,CZE,24.32088,7.617469
Czech Republic,1995,CZE,23.28092,6.44746
Czech Republic,1996,CZE,21.61188,5.081792
Czech Republic,1997,CZE,22.94675,5.25615
Czech Republic,1998,CZE,22.166,4.965591
Czech Republic,1999,CZE,22.2891,4.659358
Czech Republic,2000,CZE,22.37462,5.038876
Czech Republic,2001,CZE,22.12178,4.686975
Czech Republic,2002,CZE,20.64323,4.675765
Czech Republic,2003,CZE,23.33724,5.044152
Czech Republic,2004,CZE,21.73415,4.079931
Czechoslovakia,1953,OWID_CZS,28.34556,10.82814
Czechoslovakia,1954,OWID_CZS,29.97081,10.28614
Czechoslovakia,1955,OWID_CZS,28.36906,10.25148
Czechoslovakia,1956,OWID_CZS,29.13223,10.87737
Czechoslovakia,1957,OWID_CZS,29.94037,10.81348
Czechoslovakia,1958,OWID_CZS,29.41469,10.9639
Czechoslovakia,1959,OWID_CZS,31.55763,11.55604
Czechoslovakia,1960,OWID_CZS,31.55822,12.72596
Czechoslovakia,1961,OWID_CZS,30.05474,11.09167
Czechoslovakia,1962,OWID_CZS,29.82165,11.16994
Czechoslovakia,1963,OWID_CZS,31.09758,11.31057
Czechoslovakia,1964,OWID_CZS,29.80415,10.94708
Czechoslovakia,1965,OWID_CZS,31.31145,11.00362
Czechoslovakia,1966,OWID_CZS,33.71492,11.71201
Czechoslovakia,1967,OWID_CZS,34.85952,11.84606
Czechoslovakia,1968,OWID_CZS,35.11474,12.51732
Czechoslovakia,1969,OWID_CZS,33.70097,11.04574
Czechoslovakia,1970,OWID_CZS,36.7509,12.01178
Czechoslovakia,1971,OWID_CZS,35.94737,10.85366
Czechoslovakia,1972,OWID_CZS,35.32833,11.36778
Czechoslovakia,1973,OWID_CZS,32.85426,9.913467
Czechoslovakia,1974,OWID_CZS,33.47021,10.03628
Czechoslovakia,1975,OWID_CZS,32.13456,9.9984
Czechoslovakia,1976,OWID_CZS,30.23492,9.454665
Czechoslovakia,1977,OWID_CZS,31.93786,8.85787
Czechoslovakia,1978,OWID_CZS,31.17116,9.647628
Czechoslovakia,1979,OWID_CZS,29.62473,8.442943
Czechoslovakia,1980,OWID_CZS,29.17159,8.96263
Czechoslovakia,1981,OWID_CZS,29.75902,8.35686
Czechoslovakia,1982,OWID_CZS,29.4701,8.420896
Czechoslovakia,1983,OWID_CZS,28.7247,7.684603
Czechoslovakia,1984,OWID_CZS,27.22851,7.789109
Czechoslovakia,1985,OWID_CZS,28.21199,7.603957
Czechoslovakia,1986,OWID_CZS,27.94246,8.296039
Czechoslovakia,1987,OWID_CZS,26.48314,7.126152
Czechoslovakia,1988,OWID_CZS,25.4025,7.823055
Czechoslovakia,1989,OWID_CZS,25.91082,7.449316
Czechoslovakia,1990,OWID_CZS,26.09548,7.312033
Czechoslovakia,1991,OWID_CZS,25.53351,6.509547
Democratic Republic of Congo,2004,COD,22.83854675,7.275096893
Denmark,1951,DNK,31.32044,14.27589
Denmark,1952,DNK,30.45185,13.60956
Denmark,1953,DNK,31.37524,14.99642
Denmark,1954,DNK,30.40771,14.17499
Denmark,1955,DNK,30.97018,13.67732
Denmark,1956,DNK,29.09921,13.69933
Denmark,1957,DNK,28.34923,13.39697
Denmark,1958,DNK,27.46453,12.22714
Denmark,1959,DNK,27.81066,12.22801
Denmark,1960,DNK,25.86381,12.29644
Denmark,1961,DNK,21.17315,10.22965
Denmark,1962,DNK,23.74335,12.1017
Denmark,1963,DNK,24.21169,11.66955
Denmark,1964,DNK,25.21853,13.73748
Denmark,1965,DNK,22.6092,13.10448
Denmark,1966,DNK,21.96172,10.9374
Denmark,1967,DNK,22.24749,10.3449
Denmark,1968,DNK,24.91305,13.05375
Denmark,1969,DNK,24.86479,13.89309
Denmark,1970,DNK,25.70774,13.90803
Denmark,1971,DNK,29.20166,16.16964
Denmark,1972,DNK,28.12346,15.63836
Denmark,1973,DNK,27.28619,16.18154
Denmark,1974,DNK,31.18245,15.7398
Denmark,1975,DNK,27.59382,16.26976
Denmark,1976,DNK,28.01597,15.06202
Denmark,1977,DNK,28.48381,15.28153
Denmark,1978,DNK,25.56833,16.32782
Denmark,1979,DNK,29.62135,17.30851
Denmark,1980,DNK,37.48591,19.64175
Denmark,1981,DNK,34.94788,18.21034
Denmark,1982,DNK,33.90575,18.18115
Denmark,1983,DNK,32.74146,16.89326
Denmark,1984,DNK,32.48964,17.36956
Denmark,1985,DNK,30.75394,17.33599
Denmark,1986,DNK,31.02541,16.5684
Denmark,1987,DNK,31.27021,16.34699
Denmark,1988,DNK,28.76131,14.99911
Denmark,1989,DNK,28.80078,15.84603
Denmark,1990,DNK,27.12779,12.48864
Denmark,1991,DNK,25.38968,11.45446
Denmark,1992,DNK,24.24527,11.56925
Denmark,1993,DNK,24.28328,11.54635
Denmark,1994,DNK,21.77519,8.818576
Denmark,1995,DNK,20.36607,8.247846
Denmark,1996,DNK,20.20683,7.469941
Denmark,1997,DNK,17.90091,7.441717
Denmark,1998,DNK,17.51659,6.114258
Denmark,1999,DNK,18.22346,5.802166
Denmark,2000,DNK,16.83931,5.379292
Denmark,2001,DNK,15.95645,5.794447
Denmark,2002,DNK,15.77691,4.873204
Denmark,2003,DNK,14.6668,4.299984
Denmark,2004,DNK,14.70355,5.689239
Djibouti,2004,DJI,5.834711552,4.231966019
Dominica,2004,DMA,10.12273216,1.783265352
Dominican Republic,2004,DOM,10.59158802,2.461356163
East Germany,1973,OWID_GDR,40.18268,19.24329
East Germany,1974,OWID_GDR,42.25063,20.03715
East Germany,1989,OWID_GDR,32.29626,11.11047
East Germany,1990,OWID_GDR,30.04755,9.880279
Ecuador,2004,ECU,12.40048885,4.690472603
Egypt,1973,EGY,0.1149809,0.1022943
Egypt,1974,EGY,0.0971511,0.0326752
Egypt,1975,EGY,0.1955052,0.0822208
Egypt,1976,EGY,0.1452098,0.0929138
Egypt,1977,EGY,0.4956282,0.265601
Egypt,1978,EGY,0.3217689,0.1156929
Egypt,1979,EGY,0.265837,0.1334831
Egypt,1980,EGY,0.0607529,0.0244919
Egypt,1987,EGY,0.0837336,0.0503436
Egypt,2000,EGY,0.1180779,0.0398939
Egypt,2004,EGY,2.018912554,1.606142759
El Salvador,2004,SLV,13.28527927,4.166975021
Equatorial Guinea,2004,GNQ,13.45966053,7.129074574
Eritrea,2004,ERI,12.03790283,6.53256464
Estonia,1981,EST,56.72746,14.60823
Estonia,1982,EST,51.00139,11.88938
Estonia,1985,EST,50.66416,9.958379
Estonia,1986,EST,42.33127,10.94282
Estonia,1987,EST,40.87221,8.646701
Estonia,1988,EST,36.93274,10.72386
Estonia,1989,EST,38.19986,12.25039
Estonia,1990,EST,40.95587,11.23726
Estonia,1991,EST,41.98287,9.974966
Estonia,1992,EST,50.07764,12.11447
Estonia,1993,EST,61.75784,12.47818
Estonia,1994,EST,67.70052,12.29944
Estonia,1995,EST,64.82578,12.85668
Estonia,1996,EST,62.50669,11.1046
Estonia,1997,EST,61.46761,9.307997
Estonia,1998,EST,56.36118,8.52366
Estonia,1999,EST,54.03889,9.188284
Estonia,2000,EST,41.37693,9.108438
Estonia,2001,EST,45.37378,8.350281
Estonia,2002,EST,43.11066,7.395526
Estonia,2003,EST,39.07565,6.736414
Estonia,2004,EST,37.54561,6.293787
Ethiopia,2004,ETH,14.33747578,6.124103069
Fiji,2004,FJI,4.590774059,3.330704927
Finland,1952,FIN,32.92299,6.338303
Finland,1953,FIN,31.18618,7.281992
Finland,1954,FIN,34.31158,7.707232
Finland,1955,FIN,35.88195,8.487377
Finland,1956,FIN,40.35818,9.074881
Finland,1957,FIN,38.2692,9.905864
Finland,1958,FIN,36.83294,9.75908
Finland,1959,FIN,35.11429,8.999933
Finland,1960,FIN,35.65968,8.933072
Finland,1961,FIN,36.19727,8.80759
Finland,1962,FIN,37.73875,9.858613
Finland,1963,FIN,33.52105,7.726057
Finland,1964,FIN,33.53411,9.401792
Finland,1965,FIN,34.50203,7.993702
Finland,1966,FIN,32.03278,8.920331
Finland,1967,FIN,34.32255,8.169849
Finland,1968,FIN,36.92916,9.504064
Finland,1969,FIN,39.26056,9.854064
Finland,1970,FIN,34.89272,8.769833
Finland,1971,FIN,35.09113,8.79709
Finland,1972,FIN,38.69162,9.229571
Finland,1973,FIN,36.93771,9.496243
Finland,1974,FIN,39.43605,9.784482
Finland,1975,FIN,39.36298,9.442504
Finland,1976,FIN,40.58097,9.485551
Finland,1977,FIN,40.01245,9.716622
Finland,1978,FIN,40.43987,8.877536
Finland,1979,FIN,38.42537,9.063207
Finland,1980,FIN,38.73922,9.321412
Finland,1981,FIN,36.34341,8.579315
Finland,1982,FIN,35.65261,9.323059
Finland,1983,FIN,36.87139,8.921499
Finland,1984,FIN,38.43419,8.673536
Finland,1985,FIN,37.23244,8.783978
Finland,1986,FIN,39.49035,10.10547
Finland,1987,FIN,40.41832,10.34389
Finland,1988,FIN,41.89508,10.0063
Finland,1989,FIN,42.59584,9.952428
Finland,1990,FIN,45.09116,10.87554
Finland,1991,FIN,44.28377,10.14119
Finland,1992,FIN,42.55037,10.12068
Finland,1993,FIN,40.26448,9.833062
Finland,1994,FIN,39.88553,10.38673
Finland,1995,FIN,38.98032,10.49015
Finland,1996,FIN,34.7587,9.45045
Finland,1997,FIN,37.41434,9.463944
Finland,1998,FIN,34.01262,8.779446
Finland,1999,FIN,34.14604,8.427931
Finland,2000,FIN,30.99912,9.725185
Finland,2001,FIN,32.66965,8.672476
Finland,2002,FIN,28.76064,8.663737
Finland,2003,FIN,28.25034,8.375106
Finland,2004,FIN,28.11936,8.453583
France,1950,FRA,22.18211,5.887676
France,1952,FRA,22.37906,5.894147
France,1953,FRA,22.27051,5.898882
France,1954,FRA,23.49871,6.149604
France,1955,FRA,22.88805,6.312592
France,1956,FRA,24.46199,7.245126
France,1957,FRA,22.904,7.061091
France,1958,FRA,23.08794,7.111049
France,1959,FRA,23.39717,7.370492
France,1960,FRA,22.44482,6.744084
France,1961,FRA,22.93389,6.47076
France,1962,FRA,21.7581,6.214105
France,1963,FRA,22.53988,6.490596
France,1964,FRA,21.36987,6.554833
France,1965,FRA,22.06558,6.369074
France,1966,FRA,22.50273,6.935515
France,1967,FRA,22.51647,6.853002
France,1968,FRA,21.4911,7.248062
France,1969,FRA,21.80194,7.167145
France,1970,FRA,21.40489,7.132113
France,1971,FRA,21.02992,7.327756
France,1972,FRA,21.90327,7.76903
France,1973,FRA,21.17506,7.306815
France,1974,FRA,21.22584,7.436042
France,1975,FRA,21.19529,7.545575
France,1976,FRA,21.18872,7.578704
France,1977,FRA,21.52999,8.381433
France,1978,FRA,22.80707,8.286058
France,1979,FRA,24.76836,8.803364
France,1980,FRA,25.44677,9.274755
France,1981,FRA,25.73259,9.157047
France,1982,FRA,27.47831,9.617654
France,1983,FRA,28.45543,9.992432
France,1984,FRA,28.73677,10.17096
France,1985,FRA,29.38595,10.40593
France,1986,FRA,29.63441,10.5879
France,1987,FRA,27.96375,10.09694
France,1988,FRA,26.52334,9.537703
France,1989,FRA,26.60711,9.432059
France,1990,FRA,25.78439,8.89199
France,1991,FRA,25.72661,8.930861
France,1992,FRA,26.14759,8.761019
France,1993,FRA,27.34009,9.271954
France,1994,FRA,27.0349,8.595119
France,1995,FRA,25.85716,8.586724
France,1996,FRA,24.45665,8.319171
France,1997,FRA,23.92196,8.143969
France,1998,FRA,23.11529,7.349611
France,1999,FRA,22.09909,7.474207
France,2000,FRA,23.39069,7.474487
France,2001,FRA,22.41779,7.268069
France,2002,FRA,22.44498,7.496887
France,2003,FRA,23.04079,7.259634
France,2004,FRA,22.19961,7.523865
Gabon,2004,GAB,9.426732063,6.182321548
Gambia,2004,GMB,8.353575706,4.648649216
Georgia,1981,GEO,10.49851,2.661158
Georgia,1982,GEO,8.221825,2.359338
Georgia,1985,GEO,6.979319,2.290122
Georgia,1986,GEO,6.713596,2.457144
Georgia,1987,GEO,6.365824,2.208648
Georgia,1988,GEO,6.671018,1.896613
Georgia,1989,GEO,6.791742,2.320746
Georgia,1990,GEO,5.492355,1.723654
Georgia,1991,GEO,5.381773,1.802185
Georgia,1992,GEO,6.691033,1.920067
Georgia,1994,GEO,4.890241,1.400695
Georgia,1995,GEO,6.330423,1.544716
Georgia,1996,GEO,7.206788,1.676831
Georgia,1997,GEO,7.287419,1.523687
Georgia,1998,GEO,5.439614,1.173226
Georgia,1999,GEO,6.903577,1.609125
Georgia,2000,GEO,4.303044,0.8593065
Georgia,2001,GEO,2.974255,0.7854481
Georgia,2004,GEO,2.613620758,0.68989259
Germany,1990,DEU,20.81387,7.40588
Germany,1991,DEU,20.90132,7.334742
Germany,1992,DEU,19.98319,6.838923
Germany,1993,DEU,19.0396,6.26495
Germany,1994,DEU,19.34351,6.08572
Germany,1995,DEU,19.36314,6.169956
Germany,1996,DEU,18.24104,5.904619
Germany,1997,DEU,18.34781,5.762719
Germany,1998,DEU,17.7443,5.249892
Germany,1999,DEU,16.64838,5.128614
Germany,2000,DEU,16.49776,4.887512
Germany,2001,DEU,16.53927,4.835307
Germany,2002,DEU,16.14433,4.956316
Germany,2003,DEU,16.07198,4.865662
Germany,2004,DEU,15.41693,4.446264
Ghana,2004,GHA,7.063313007,5.580263615
Greece,1961,GRC,5.927289,2.885454
Greece,1962,GRC,4.428364,2.425727
Greece,1963,GRC,5.01931,2.585252
Greece,1964,GRC,4.708868,1.71491
Greece,1965,GRC,4.482484,2.053422
Greece,1966,GRC,4.096068,2.242784
Greece,1967,GRC,4.684091,2.064633
Greece,1968,GRC,5.258846,1.805746
Greece,1969,GRC,4.823516,1.958511
Greece,1970,GRC,4.284171,1.663302
Greece,1971,GRC,4.533696,1.779856
Greece,1972,GRC,3.665449,1.318437
Greece,1973,GRC,3.755845,1.712468
Greece,1974,GRC,4.304948,2.089513
Greece,1975,GRC,3.294004,1.838597
Greece,1976,GRC,3.50562,1.664181
Greece,1977,GRC,4.309299,1.696307
Greece,1978,GRC,3.957107,1.44031
Greece,1979,GRC,3.583891,1.616824
Greece,1980,GRC,4.301425,1.517045
Greece,1981,GRC,4.24139,1.785452
Greece,1982,GRC,4.544026,1.8628
Greece,1983,GRC,5.077846,1.687741
Greece,1984,GRC,5.209984,1.950024
Greece,1985,GRC,5.071703,2.097203
Greece,1986,GRC,5.24479,1.643898
Greece,1987,GRC,5.286321,1.848962
Greece,1988,GRC,5.156341,1.7138
Greece,1989,GRC,5.02707,1.665641
Greece,1990,GRC,4.734638,1.262625
Greece,1991,GRC,4.979847,1.287541
Greece,1992,GRC,4.566751,1.085906
Greece,1993,GRC,5.123562,1.538909
Greece,1994,GRC,4.603834,1.027133
Greece,1995,GRC,4.981235,0.9652933
Greece,1996,GRC,4.707526,0.8616472
Greece,1997,GRC,5.209034,0.7926515
Greece,1998,GRC,4.837743,1.318808
Greece,1999,GRC,4.628674,1.221455
Greece,2000,GRC,4.643847,1.229001
Greece,2001,GRC,4.372579,0.6871724
Greece,2002,GRC,3.75316,0.889488
Greece,2003,GRC,4.567214,1.048374
Greece,2004,GRC,4.16287,0.9383833
Grenada,2004,GRD,7.362030983,0.343973368
Guatemala,1963,GTM,7.147273,0.3510816
Guatemala,1964,GTM,6.164508,0.9152728
Guatemala,1965,GTM,6.440361,0.497628
Guatemala,1966,GTM,5.178927,0.3507546
Guatemala,1967,GTM,8.520576,1.054271
Guatemala,1968,GTM,7.323934,2.715208
Guatemala,1969,GTM,5.571596,1.308517
Guatemala,1970,GTM,7.060984,0.9226225
Guatemala,1971,GTM,7.08713,1.831857
Guatemala,1977,GTM,,0.0757692
Guatemala,1979,GTM,3.080571,0.3456988
Guatemala,1980,GTM,2.639829,0.5256463
Guatemala,1981,GTM,1.346651,0.0820086
Guatemala,1984,GTM,1.537492,0.2678788
Guatemala,1986,GTM,5.346683,1.022552
Guatemala,1987,GTM,5.905004,1.700646
Guatemala,1988,GTM,4.59584,0.8226081
Guatemala,1989,GTM,3.981843,0.8325154
Guatemala,1990,GTM,3.93206,0.7111649
Guatemala,1991,GTM,3.784978,0.8570762
Guatemala,1992,GTM,4.111893,1.093902
Guatemala,1993,GTM,4.049012,0.7572162
Guatemala,1994,GTM,3.246903,0.4675907
Guatemala,1995,GTM,4.400336,1.151244
Guatemala,1996,GTM,3.673022,0.719579
Guatemala,1997,GTM,3.540285,0.9284606
Guatemala,1998,GTM,3.993678,0.9521694
Guatemala,1999,GTM,4.876319,0.833605
Guatemala,2000,GTM,3.327062,0.748291
Guatemala,2001,GTM,3.707146,0.9213251
Guatemala,2002,GTM,4.648741,1.296
Guatemala,2003,GTM,4.535077,0.9491554
Guatemala,2004,GTM,3.874187,1.167424
Guinea,2004,GIN,9.628465652,5.431053638
Guinea-Bissau,2004,GNB,10.65297794,4.794747829
Guyana,2004,GUY,50.07269669,21.24728584
Haiti,2004,HTI,2.085222006,1.005262375
Honduras,2004,HND,9.465991974,4.775053024
Hungary,1955,HUN,29.80989,12.69632
Hungary,1956,HUN,28.8267,11.16879
Hungary,1957,HUN,31.86793,12.20223
Hungary,1958,HUN,33.81632,13.77872
Hungary,1959,HUN,37.93184,13.85482
Hungary,1960,HUN,35.64537,13.98831
Hungary,1961,HUN,36.41035,13.99279
Hungary,1962,HUN,35.4479,13.61258
Hungary,1963,HUN,37.48655,15.26564
Hungary,1964,HUN,40.13111,15.11467
Hungary,1965,HUN,41.3657,15.81352
Hungary,1966,HUN,40.384,15.64082
Hungary,1967,HUN,43.31554,15.6902
Hungary,1968,HUN,46.6862,15.97417
Hungary,1969,HUN,45.46218,15.77956
Hungary,1970,HUN,47.39413,15.99266
Hungary,1971,HUN,48.45286,17.12012
Hungary,1972,HUN,49.40269,17.37899
Hungary,1973,HUN,49.3895,16.99369
Hungary,1974,HUN,53.98055,18.6133
Hungary,1975,HUN,51.09961,17.40216
Hungary,1976,HUN,52.82116,18.89012
Hungary,1977,HUN,50.7207,19.96113
Hungary,1978,HUN,55.56526,21.01015
Hungary,1979,HUN,58.49247,20.91629
Hungary,1980,HUN,59.33003,21.00696
Hungary,1981,HUN,58.30769,22.75861
Hungary,1982,HUN,56.75191,20.2928
Hungary,1983,HUN,61.19543,20.97707
Hungary,1984,HUN,61.69685,19.90151
Hungary,1985,HUN,61.04953,17.93445
Hungary,1986,HUN,59.7834,20.27017
Hungary,1987,HUN,59.69981,19.99391
Hungary,1988,HUN,52.35113,20.06003
Hungary,1989,HUN,55.20204,17.6153
Hungary,1990,HUN,53.53568,16.15175
Hungary,1991,HUN,51.6224,15.35198
Hungary,1992,HUN,52.8314,14.68765
Hungary,1993,HUN,48.6875,13.48357
Hungary,1994,HUN,48.54348,12.38292
Hungary,1995,HUN,43.73508,11.98233
Hungary,1996,HUN,44.25144,11.87498
Hungary,1997,HUN,41.93054,10.7454
Hungary,1998,HUN,43.28421,10.44197
Hungary,1999,HUN,45.66346,10.64106
Hungary,2000,HUN,43.9828,10.67224
Hungary,2001,HUN,39.56583,9.227195
Hungary,2002,HUN,38.08537,8.776537
Hungary,2003,HUN,36.93882,8.222026
Hungary,2004,HUN,35.98394,8.70322
Iceland,2004,ISL,16.97234535,5.842729092
India,2004,IND,22.67622375,14.30644226
Indonesia,2004,IDN,13.73718452,9.29459095
Iran,2004,IRN,6.884473324,5.179065228
Iraq,2004,IRQ,25.53655815,8.3937397
Ireland,1950,IRL,4.257815,0.8519407
Ireland,1951,IRL,4.003328,1.147528
Ireland,1952,IRL,3.379071,0.8795826
Ireland,1953,IRL,3.312277,0.8431673
Ireland,1954,IRL,3.295372,0.7177907
Ireland,1955,IRL,3.693148,1.028455
Ireland,1956,IRL,4.446795,0.8246769
Ireland,1957,IRL,3.893486,1.061786
Ireland,1958,IRL,4.123925,1.196178
Ireland,1959,IRL,3.956746,1.156083
Ireland,1960,IRL,4.069189,1.646138
Ireland,1961,IRL,5.203468,1.351529
Ireland,1962,IRL,2.9876,0.8145017
Ireland,1963,IRL,3.79027,1.372869
Ireland,1964,IRL,3.54006,0.6879103
Ireland,1965,IRL,3.147818,0.4480566
Ireland,1966,IRL,3.492746,1.147462
Ireland,1967,IRL,3.72761,1.278857
Ireland,1968,IRL,4.147193,1.159696
Ireland,1969,IRL,2.67232,0.9921009
Ireland,1970,IRL,3.140356,0.5851788
Ireland,1971,IRL,4.504058,1.637786
Ireland,1972,IRL,4.594031,1.837284
Ireland,1973,IRL,5.228618,2.035601
Ireland,1974,IRL,6.608761,1.915172
Ireland,1975,IRL,7.340617,3.126245
Ireland,1976,IRL,8.450701,3.551923
Ireland,1977,IRL,6.463584,3.664815
Ireland,1978,IRL,7.106894,3.678854
Ireland,1979,IRL,8.901459,3.02496
Ireland,1980,IRL,9.243445,4.751621
Ireland,1981,IRL,10.07419,4.323764
Ireland,1982,IRL,10.92324,3.911616
Ireland,1983,IRL,12.13038,4.951054
Ireland,1984,IRL,9.854288,4.182046
Ireland,1985,IRL,12.77354,3.596939
Ireland,1986,IRL,12.74405,4.133846
Ireland,1987,IRL,10.98195,3.492118
Ireland,1988,IRL,11.45554,4.315279
Ireland,1989,IRL,12.67582,3.673987
Ireland,1990,IRL,15.01642,4.983715
Ireland,1991,IRL,16.62988,3.663033
Ireland,1992,IRL,17.709,3.235636
Ireland,1993,IRL,14.81147,3.840218
Ireland,1994,IRL,17.2518,4.877121
Ireland,1995,IRL,17.80962,4.634556
Ireland,1996,IRL,19.13942,3.451479
Ireland,1997,IRL,20.39075,4.644797
Ireland,1998,IRL,22.60519,3.808829
Ireland,1999,IRL,17.90702,4.180132
Ireland,2000,IRL,19.55845,4.057105
Ireland,2001,IRL,20.49142,3.919842
Ireland,2002,IRL,17.99144,3.920538
Ireland,2003,IRL,17.11528,4.490198
Ireland,2004,IRL,18.39432,3.41769
Israel,1975,ISR,9.721979,7.104736
Israel,1976,ISR,10.23713,5.999494
Israel,1977,ISR,9.466992,5.092841
Israel,1978,ISR,7.473373,5.041726
Israel,1979,ISR,10.13976,4.918262
Israel,1980,ISR,9.003123,4.146507
Israel,1981,ISR,7.551185,4.065509
Israel,1982,ISR,7.172948,4.224372
Israel,1983,ISR,9.083196,4.039836
Israel,1984,ISR,8.202235,3.747314
Israel,1985,ISR,8.362223,3.690757
Israel,1986,ISR,9.488293,4.69941
Israel,1987,ISR,9.961658,3.622077
Israel,1988,ISR,10.92935,4.246885
Israel,1989,ISR,12.22323,4.53929
Israel,1990,ISR,10.51637,3.713322
Israel,1991,ISR,11.64511,3.96209
Israel,1992,ISR,11.78218,4.04869
Israel,1993,ISR,11.1531,3.676736
Israel,1994,ISR,12.14614,4.021978
Israel,1995,ISR,10.02298,3.420748
Israel,1996,ISR,8.548947,2.505053
Israel,1997,ISR,10.8282,2.420717
Israel,1998,ISR,8.452549,2.555491
Israel,1999,ISR,10.25614,2.140876
Israel,2000,ISR,10.1516,2.617903
Israel,2001,ISR,10.45698,2.144401
Israel,2002,ISR,9.318308,2.672714
Israel,2003,ISR,10.95199,2.055687
Israel,2004,ISR,9.827754,2.572143
Italy,1951,ITA,10.56834,3.403254
Italy,1952,ITA,9.419112,3.411496
Italy,1953,ITA,9.245553,3.762159
Italy,1954,ITA,8.714149,3.424151
Italy,1955,ITA,9.726276,3.538924
Italy,1956,ITA,9.809807,3.559867
Italy,1957,ITA,9.338222,3.571236
Italy,1958,ITA,8.800449,3.459091
Italy,1959,ITA,8.862763,3.471756
Italy,1960,ITA,8.415583,3.44536
Italy,1961,ITA,7.635857,3.123026
Italy,1962,ITA,7.558838,2.932354
Italy,1963,ITA,7.125845,2.96182
Italy,1964,ITA,7.526105,2.867537
Italy,1965,ITA,7.641454,2.884943
Italy,1966,ITA,7.119586,2.762205
Italy,1967,ITA,7.635119,2.915639
Italy,1968,ITA,7.370347,2.851062
Italy,1969,ITA,7.380798,3.004217
Italy,1970,ITA,7.639218,3.126643
Italy,1971,ITA,7.915759,3.277322
Italy,1972,ITA,7.756282,3.193547
Italy,1973,ITA,7.658402,2.919297
Italy,1974,ITA,6.800586,3.024318
Italy,1975,ITA,7.211964,2.959525
Italy,1976,ITA,7.248129,2.989021
Italy,1977,ITA,8.112815,3.151382
Italy,1978,ITA,8.449119,3.165382
Italy,1979,ITA,8.912259,3.547825
Italy,1980,ITA,9.027985,3.782305
Italy,1981,ITA,8.725601,3.317748
Italy,1982,ITA,9.486133,3.507519
Italy,1983,ITA,9.647466,3.411837
Italy,1984,ITA,9.777494,3.606211
Italy,1985,ITA,10.40558,3.607491
Italy,1986,ITA,10.08643,3.607199
Italy,1987,ITA,9.914082,3.184254
Italy,1988,ITA,9.319981,3.258729
Italy,1989,ITA,9.314838,3.138868
Italy,1990,ITA,9.345504,3.135413
Italy,1991,ITA,9.380347,3.152732
Italy,1992,ITA,9.862364,3.063648
Italy,1993,ITA,10.31449,2.962984
Italy,1994,ITA,9.949718,2.843028
Italy,1995,ITA,9.913965,2.829177
Italy,1996,ITA,10.01252,3.056394
Italy,1997,ITA,10.06849,2.875446
Italy,1998,ITA,9.703516,2.616057
Italy,1999,ITA,8.712358,2.522697
Italy,2000,ITA,8.631232,2.567187
Italy,2001,ITA,8.530973,2.386306
Italy,2002,ITA,8.725682,2.270674
Italy,2003,ITA,8.375617,2.393229
Italy,2004,ITA,8.633946419,2.270322323
Jamaica,2004,JAM,6.62351799,2.366206169
Japan,1950,JPN,31.45158,18.59102
Japan,1951,JPN,27.70041,17.54239
Japan,1952,JPN,27.01533,17.70802
Japan,1953,JPN,29.35856,18.70844
Japan,1954,JPN,33.76961,19.78119
Japan,1955,JPN,35.86554,20.92908
Japan,1956,JPN,34.07982,21.07244
Japan,1957,JPN,33.22283,20.5632
Japan,1958,JPN,34.02403,21.98324
Japan,1959,JPN,29.81942,19.97823
Japan,1960,JPN,27.69466,19.14574
Japan,1961,JPN,24.9089,17.79087
Japan,1962,JPN,22.75598,15.54236
Japan,1963,JPN,21.05968,13.9991
Japan,1964,JPN,19.49205,13.43369
Japan,1965,JPN,19.2796,12.77739
Japan,1966,JPN,19.15462,13.45667
Japan,1967,JPN,17.67402,12.42193
Japan,1968,JPN,17.8174,12.68101
Japan,1969,JPN,17.68238,12.70211
Japan,1970,JPN,18.47334,13.086
Japan,1971,JPN,18.70253,13.03017
Japan,1972,JPN,20.30243,13.86707
Japan,1973,JPN,20.90846,14.20149
Japan,1974,JPN,20.67025,14.47614
Japan,1975,JPN,21.86653,13.86057
Japan,1976,JPN,21.39705,13.31338
Japan,1977,JPN,22.09973,12.90554
Japan,1978,JPN,21.96293,12.39004
Japan,1979,JPN,22.31732,12.38469
Japan,1980,JPN,21.80097,11.75796
Japan,1981,JPN,21.24925,10.92085
Japan,1982,JPN,21.64479,10.8324
Japan,1983,JPN,27.17256,11.59852
Japan,1984,JPN,25.70048,11.28145
Japan,1985,JPN,23.95406,10.91748
Japan,1986,JPN,25.33022,12.34518
Japan,1987,JPN,23.01839,11.12482
Japan,1988,JPN,21.18935,10.79308
Japan,1989,JPN,18.92735,10.15297
Japan,1990,JPN,17.74604,9.448299
Japan,1991,JPN,17.65038,8.853615
Japan,1992,JPN,18.8061,8.678051
Japan,1993,JPN,18.57446,8.09518
Japan,1994,JPN,19.17557,7.945656
Japan,1995,JPN,19.12862,8.228492
Japan,1996,JPN,19.65229,8.221194
Japan,1997,JPN,20.748,8.525414
Japan,1998,JPN,28.77222,10.53238
Japan,1999,JPN,28.70927,10.07857
Japan,2000,JPN,27.44144,9.527674
Japan,2001,JPN,26.51388,9.240021
Japan,2002,JPN,27.18034,9.138422
Japan,2003,JPN,29.66257,9.884797
Japan,2004,JPN,27.8544,9.467574
Jordan,2004,JOR,0.283630043,0.107823528
Kazakhstan,1981,KAZ,43.73993,10.70737
Kazakhstan,1982,KAZ,43.36837,9.850085
Kazakhstan,1985,KAZ,43.08025,10.27528
Kazakhstan,1986,KAZ,30.60717,8.818217
Kazakhstan,1987,KAZ,30.14775,8.599585
Kazakhstan,1988,KAZ,31.31172,8.853513
Kazakhstan,1989,KAZ,36.04646,9.610785
Kazakhstan,1990,KAZ,34.24866,9.613778
Kazakhstan,1991,KAZ,32.9904,8.350544
Kazakhstan,1992,KAZ,35.02348,9.367308
Kazakhstan,1993,KAZ,43.27874,9.806592
Kazakhstan,1994,KAZ,45.19965,9.40272
Kazakhstan,1995,KAZ,54.65893,9.738996
Kazakhstan,1996,KAZ,57.25686,9.888084
Kazakhstan,1997,KAZ,55.88801,9.658834
Kazakhstan,1998,KAZ,54.42282,9.566568
Kazakhstan,1999,KAZ,50.25275,8.703578
Kazakhstan,2001,KAZ,55.28642,8.500433
Kazakhstan,2002,KAZ,52.35789,8.623614
Kazakhstan,2003,KAZ,52.60995,8.66642
Kazakhstan,2004,KAZ,51.95907,8.599231
Kenya,2004,KEN,14.45754814,7.663258076
Kuwait,1972,KWT,0.3662237,0.2315013
Kuwait,1975,KWT,0.7020963,0.2027273
Kuwait,1976,KWT,0.199697,0.1818349
Kuwait,1977,KWT,0.5481814,
Kuwait,1978,KWT,1.576248,0.7486228
Kuwait,1979,KWT,0.5554316,
Kuwait,1980,KWT,1.150244,0.4587432
Kuwait,1981,KWT,1.03524,1.228961
Kuwait,1982,KWT,0.0958275,0.1885224
Kuwait,1983,KWT,0.5089404,0.2795371
Kuwait,1984,KWT,0.6880475,0.6097794
Kuwait,1985,KWT,1.531896,0.3615558
Kuwait,1986,KWT,1.000153,0.4981179
Kuwait,1987,KWT,0.9669989,1.079387
Kuwait,1993,KWT,1.402896,0.8018389
Kuwait,1994,KWT,1.290962,1.649444
Kuwait,1995,KWT,1.831903,0.7495468
Kuwait,1996,KWT,1.579613,1.267969
Kuwait,1997,KWT,1.331465,2.075491
Kuwait,1998,KWT,1.152141,1.519149
Kuwait,1999,KWT,1.761245,1.15032
Kuwait,2000,KWT,1.265265,1.210588
Kuwait,2001,KWT,1.369139,0.7647457
Kuwait,2002,KWT,1.756376,1.27791
Kuwait,2004,KWT,1.716213107,1.153894782
Kyrgyzstan,1981,KGZ,28.58997,7.50064
Kyrgyzstan,1982,KGZ,29.45564,6.34895
Kyrgyzstan,1985,KGZ,24.69476,7.063722
Kyrgyzstan,1986,KGZ,18.85769,5.368869
Kyrgyzstan,1987,KGZ,22.1455,7.401427
Kyrgyzstan,1988,KGZ,22.76744,6.957907
Kyrgyzstan,1989,KGZ,24.00299,7.492762
Kyrgyzstan,1990,KGZ,25.39453,7.92241
Kyrgyzstan,1991,KGZ,24.91979,7.180477
Kyrgyzstan,1992,KGZ,23.53008,5.318038
Kyrgyzstan,1993,KGZ,27.44796,6.514298
Kyrgyzstan,1994,KGZ,29.95315,4.828927
Kyrgyzstan,1995,KGZ,28.3238,7.441998
Kyrgyzstan,1996,KGZ,23.81844,4.41672
Kyrgyzstan,1997,KGZ,23.19876,4.538289
Kyrgyzstan,1998,KGZ,22.62856,4.220627
Kyrgyzstan,1999,KGZ,23.91368,4.674402
Kyrgyzstan,2000,KGZ,21.69134,4.435472
Kyrgyzstan,2001,KGZ,23.63354,3.433721
Kyrgyzstan,2002,KGZ,22.53675,4.70046
Kyrgyzstan,2003,KGZ,19.15894,3.463841
Kyrgyzstan,2004,KGZ,17.17582,3.090236
Laos,2004,LAO,29.02600861,23.7233696
Latvia,1980,LVA,51.12757,11.88666
Latvia,1981,LVA,54.29832,10.81198
Latvia,1982,LVA,51.78666,12.86586
Latvia,1983,LVA,52.43972,11.15093
Latvia,1984,LVA,53.00053,11.39347
Latvia,1985,LVA,45.49139,10.6231
Latvia,1986,LVA,38.77306,8.832312
Latvia,1987,LVA,32.40071,10.62801
Latvia,1988,LVA,34.17647,9.422872
Latvia,1989,LVA,36.23455,11.68672
Latvia,1990,LVA,41.49391,8.305492
Latvia,1991,LVA,43.92165,9.872416
Latvia,1992,LVA,54.53308,11.43828
Latvia,1993,LVA,67.03622,13.42937
Latvia,1994,LVA,65.94627,11.25131
Latvia,1995,LVA,64.98832,11.79434
Latvia,1996,LVA,58.97634,10.75871
Latvia,1997,LVA,56.41026,10.56331
Latvia,1998,LVA,54.36982,10.02606
Latvia,1999,LVA,47.12212,10.01683
Latvia,2000,LVA,50.59778,8.682847
Latvia,2002,LVA,43.02149,8.689015
Latvia,2003,LVA,39.45029,7.310288
Latvia,2004,LVA,36.66391,6.048817
Lebanon,2004,LBN,6.463245392,5.278940678
Lesotho,2004,LSO,10.65846539,5.889326096
Liberia,2004,LBR,10.86085796,3.77520299
Libya,2004,LBY,5.09806776,4.159276009
Lithuania,1981,LTU,59.5271,9.391936
Lithuania,1982,LTU,57.98292,10.94309
Lithuania,1985,LTU,57.3445,11.62064
Lithuania,1986,LTU,41.92893,8.948446
Lithuania,1987,LTU,48.08079,9.742769
Lithuania,1988,LTU,41.86627,10.22528
Lithuania,1989,LTU,45.26484,8.518539
Lithuania,1990,LTU,43.23142,8.18327
Lithuania,1991,LTU,51.08331,10.01307
Lithuania,1992,LTU,56.6729,11.65289
Lithuania,1993,LTU,72.05504,12.01923
Lithuania,1994,LTU,80.42894,11.82504
Lithuania,1995,LTU,77.84416,13.48254
Lithuania,1996,LTU,78.36723,14.54227
Lithuania,1997,LTU,76.52863,12.66714
Lithuania,1998,LTU,72.58926,11.8952
Lithuania,1999,LTU,73.37201,11.7318
Lithuania,2000,LTU,75.07941,13.98588
Lithuania,2001,LTU,71.12936,12.04878
Lithuania,2002,LTU,74.2965,10.12422
Lithuania,2003,LTU,67.59232,11.06494
Lithuania,2004,LTU,63.30873,11.23422
Luxembourg,2004,LUX,19.57855034,5.768095493
Macedonia,1991,MKD,10.34967,5.264551
Macedonia,1992,MKD,9.974013,5.215999
Macedonia,1993,MKD,10.00163,5.450121
Macedonia,1994,MKD,8.331466,4.786742
Macedonia,1995,MKD,8.760571,4.383663
Macedonia,1996,MKD,10.43821,4.035392
Macedonia,1997,MKD,11.31281,3.823972
Macedonia,1998,MKD,9.417238,5.2374
Macedonia,1999,MKD,11.20772,4.723891
Macedonia,2000,MKD,9.676953,4.055635
Macedonia,2001,MKD,10.42244,3.230196
Macedonia,2002,MKD,9.458357,4.228063
Macedonia,2003,MKD,8.966763,3.42506
Macedonia,2004,MKD,12.57811737,3.403936386
Madagascar,2004,MDG,7.469148636,4.220290184
Malawi,2004,MWI,14.21405125,6.541824818
Malaysia,2004,MYS,11.24002647,5.219151974
Maldives,2004,MDV,24.83204079,19.88921928
Mali,2004,MLI,12.14257908,5.074855328
Malta,2004,MLT,6.397085667,2.803545952
Marshall Islands,2004,MHL,7.452305794,7.016569614
Mauritania,2004,MRT,8.99184227,4.997253418
Mauritius,1961,MUS,8.109496,0.8261023
Mauritius,1962,MUS,4.714847,0.9853638
Mauritius,1963,MUS,6.914414,0.6893913
Mauritius,1964,MUS,6.4175,1.376559
Mauritius,1965,MUS,9.672784,0.7797109
Mauritius,1966,MUS,8.486679,2.230799
Mauritius,1967,MUS,5.040606,1.89526
Mauritius,1968,MUS,4.105849,1.699673
Mauritius,1969,MUS,3.315053,0.234245
Mauritius,1970,MUS,3.976964,0.8703529
Mauritius,1971,MUS,7.430753,2.449282
Mauritius,1972,MUS,4.729221,1.042842
Mauritius,1973,MUS,12.32525,4.143795
Mauritius,1974,MUS,7.918767,2.354944
Mauritius,1975,MUS,12.88013,4.791313
Mauritius,1976,MUS,8.530642,5.306667
Mauritius,1977,MUS,9.382297,3.497532
Mauritius,1978,MUS,13.34285,3.660588
Mauritius,1979,MUS,12.43535,3.85744
Mauritius,1980,MUS,6.507028,
Mauritius,1981,MUS,2.273843,1.682621
Mauritius,1982,MUS,3.131053,0.7379744
Mauritius,1983,MUS,1.766145,1.874342
Mauritius,1984,MUS,15.18018,9.486123
Mauritius,1985,MUS,14.71901,7.364926
Mauritius,1986,MUS,3.849217,1.337873
Mauritius,1987,MUS,18.45087,10.09053
Mauritius,1988,MUS,24.74358,10.14206
Mauritius,1989,MUS,22.54805,7.237272
Mauritius,1990,MUS,19.33844,10.16941
Mauritius,1991,MUS,18.88888,8.037538
Mauritius,1992,MUS,20.53346,8.41322
Mauritius,1993,MUS,18.11204,8.027224
Mauritius,1994,MUS,19.3467,3.82664
Mauritius,1995,MUS,22.02524,6.123081
Mauritius,1996,MUS,21.04854,6.467022
Mauritius,1997,MUS,18.15487,3.519147
Mauritius,1998,MUS,19.75582,6.959721
Mauritius,1999,MUS,19.72894,8.945867
Mauritius,2000,MUS,18.36972,4.995429
Mauritius,2001,MUS,13.11333,6.136876
Mauritius,2002,MUS,17.32174,4.66105
Mauritius,2003,MUS,10.97633,3.985688
Mauritius,2004,MUS,12.40219,3.52988
Mexico,1955,MEX,2.442184,0.7036235
Mexico,1956,MEX,3.054957,1.010261
Mexico,1957,MEX,3.093501,1.000293
Mexico,1958,MEX,3.744399,1.090594
Mexico,1959,MEX,4.117249,1.153708
Mexico,1960,MEX,3.810233,1.267063
Mexico,1961,MEX,3.786989,0.9837637
Mexico,1962,MEX,3.753606,0.7359514
Mexico,1963,MEX,3.94489,1.070004
Mexico,1964,MEX,3.859069,1.06657
Mexico,1965,MEX,3.520888,1.139985
Mexico,1966,MEX,3.498576,1.055895
Mexico,1967,MEX,4.198729,1.275057
Mexico,1968,MEX,3.522933,0.8262541
Mexico,1969,MEX,1.750028,0.2955154
Mexico,1970,MEX,2.704732,0.5537056
Mexico,1971,MEX,1.672822,0.3251885
Mexico,1972,MEX,1.668862,0.3462555
Mexico,1973,MEX,1.54622,0.3002614
Mexico,1974,MEX,4.694814,0.9812592
Mexico,1975,MEX,3.877176,0.7468019
Mexico,1976,MEX,3.485934,0.7708514
Mexico,1977,MEX,4.002292,0.8056478
Mexico,1978,MEX,3.61315,0.8383937
Mexico,1979,MEX,3.385037,0.7557345
Mexico,1980,MEX,2.958694,0.6704537
Mexico,1981,MEX,3.611081,0.8834986
Mexico,1982,MEX,3.569586,0.8242058
Mexico,1983,MEX,3.16798,0.7340415
Mexico,1984,MEX,2.735613,0.4477717
Mexico,1985,MEX,4.388904,0.7602599
Mexico,1986,MEX,4.931581,0.7355883
Mexico,1987,MEX,4.761468,0.8270538
Mexico,1988,MEX,4.675809,0.7707267
Mexico,1989,MEX,5.103009,0.8070925
Mexico,1990,MEX,5.159819,0.7400703
Mexico,1991,MEX,5.271922,0.8179485
Mexico,1992,MEX,5.644625,0.850549
Mexico,1993,MEX,5.828907,0.8181823
Mexico,1994,MEX,6.185221,0.9178948
Mexico,1995,MEX,6.563968,0.9948026
Mexico,1996,MEX,6.434082,1.055193
Mexico,1997,MEX,6.783051,1.104328
Mexico,1998,MEX,6.607656,1.03723
Mexico,1999,MEX,6.469207,1.020981
Mexico,2000,MEX,6.586875,1.06394
Mexico,2001,MEX,6.934207,1.325666
Mexico,2002,MEX,6.927197,1.274557
Mexico,2003,MEX,7.313923,1.343468
Mexico,2004,MEX,7.273506,1.295992
Micronesia,2004,FSM,4.994344711,4.526386261
Moldova,1981,MDA,31.79197,10.5142
Moldova,1982,MDA,33.56363,10.14406
Moldova,1985,MDA,34.78332,9.151825
Moldova,1986,MDA,29.58637,9.944036
Moldova,1987,MDA,25.8159,9.799662
Moldova,1988,MDA,26.58922,8.88693
Moldova,1989,MDA,28.17586,8.246838
Moldova,1990,MDA,25.35026,6.287681
Moldova,1991,MDA,27.13063,8.331331
Moldova,1992,MDA,27.22224,6.45459
Moldova,1993,MDA,28.77981,6.722978
Moldova,1994,MDA,31.21967,7.346989
Moldova,1995,MDA,31.1594,7.698922
Moldova,1996,MDA,31.53888,5.795405
Moldova,1997,MDA,30.08745,5.846859
Moldova,1998,MDA,27.69531,5.669214
Moldova,1999,MDA,28.15378,4.727281
Moldova,2000,MDA,26.76741,3.701661
Moldova,2001,MDA,29.66905,4.849782
Moldova,2002,MDA,27.17534,4.689592
Moldova,2003,MDA,29.75085,4.040868
Moldova,2004,MDA,27.48099,4.56739
Monaco,2004,MCO,16.13042831,6.649781227
Mongolia,2004,MNG,21.09290123,5.467162132
Morocco,2004,MAR,2.114463806,2.103894472
Mozambique,2004,MOZ,14.27197266,7.518768787
Myanmar,2004,MMR,11.88899899,8.503791809
Namibia,2004,NAM,10.43633842,6.017440796
Nauru,2004,NRU,,7.383360386
Nepal,2004,NPL,12.46957016,11.0800848
Netherlands,1950,NLD,8.039651,3.744579
Netherlands,1951,NLD,8.482972,4.227506
Netherlands,1952,NLD,8.698343,4.422934
Netherlands,1953,NLD,9.010217,4.562708
Netherlands,1954,NLD,8.812166,4.202166
Netherlands,1955,NLD,7.916481,4.493865
Netherlands,1956,NLD,7.391158,4.742193
Netherlands,1957,NLD,7.700355,5.203328
Netherlands,1958,NLD,8.729427,4.85878
Netherlands,1959,NLD,8.965101,5.18896
Netherlands,1960,NLD,8.495128,4.930501
Netherlands,1961,NLD,8.769533,4.54734
Netherlands,1962,NLD,8.121627,5.07273
Netherlands,1963,NLD,8.018279,4.33125
Netherlands,1964,NLD,8.375566,4.747222
Netherlands,1965,NLD,8.748899,4.985938
Netherlands,1966,NLD,9.091191,5.025103
Netherlands,1967,NLD,8.141103,4.292456
Netherlands,1968,NLD,7.997426,4.444892
Netherlands,1969,NLD,9.161488,5.425861
Netherlands,1970,NLD,9.999104,5.844768
Netherlands,1971,NLD,9.85916,6.256476
Netherlands,1972,NLD,10.01003,6.132082
Netherlands,1973,NLD,9.965838,7.13018
Netherlands,1974,NLD,10.98987,7.009837
Netherlands,1975,NLD,10.67603,6.755897
Netherlands,1976,NLD,11.74353,6.569001
Netherlands,1977,NLD,11.35804,6.404231
Netherlands,1978,NLD,10.81731,7.609007
Netherlands,1979,NLD,11.42149,8.34603
Netherlands,1980,NLD,12.25749,6.768595
Netherlands,1981,NLD,11.62244,7.055374
Netherlands,1982,NLD,12.28275,7.512334
Netherlands,1983,NLD,13.58843,8.236408
Netherlands,1984,NLD,14.05566,8.413709
Netherlands,1985,NLD,13.42081,7.089713
Netherlands,1986,NLD,12.60984,7.230734
Netherlands,1987,NLD,12.37732,7.297407
Netherlands,1988,NLD,11.90292,6.42893
Netherlands,1989,NLD,11.62136,6.523096
Netherlands,1990,NLD,10.99034,6.01471
Netherlands,1991,NLD,12.30201,6.40885
Netherlands,1992,NLD,12.19641,6.017884
Netherlands,1993,NLD,11.95048,5.763029
Netherlands,1994,NLD,12.48828,5.500875
Netherlands,1995,NLD,11.48045,5.538633
Netherlands,1996,NLD,11.84606,5.657825
Netherlands,1997,NLD,12.00938,5.608297
Netherlands,1998,NLD,11.37566,5.297546
Netherlands,1999,NLD,11.32623,5.338056
Netherlands,2000,NLD,11.08765,5.102808
Netherlands,2001,NLD,10.94884,4.81331
Netherlands,2002,NLD,11.49452,5.074299
Netherlands,2003,NLD,10.90696,4.740516
Netherlands,2004,NLD,10.90343,4.820316
New Zealand,1950,NZL,13.89064,4.481789
New Zealand,1951,NZL,14.91607,4.672656
New Zealand,1952,NZL,15.44309,5.083133
New Zealand,1953,NZL,14.08076,5.456119
New Zealand,1954,NZL,13.28927,4.08312
New Zealand,1955,NZL,13.36108,4.86399
New Zealand,1956,NZL,12.77258,6.256191
New Zealand,1957,NZL,14.48438,5.678879
New Zealand,1958,NZL,15.47747,5.049273
New Zealand,1959,NZL,14.46098,4.172358
New Zealand,1960,NZL,15.0164,5.637225
New Zealand,1961,NZL,13.98603,4.213583
New Zealand,1962,NZL,12.55061,5.705343
New Zealand,1963,NZL,13.5933,7.09114
New Zealand,1964,NZL,10.69769,6.523703
New Zealand,1965,NZL,13.44075,6.486658
New Zealand,1966,NZL,12.77665,7.067789
New Zealand,1967,NZL,15.63173,6.267512
New Zealand,1968,NZL,14.34453,6.611498
New Zealand,1969,NZL,14.42566,7.370731
New Zealand,1970,NZL,13.80316,6.69521
New Zealand,1971,NZL,11.45277,6.462817
New Zealand,1972,NZL,12.8555,6.371082
New Zealand,1973,NZL,13.34896,5.389634
New Zealand,1974,NZL,13.4118,5.982979
New Zealand,1975,NZL,13.81855,6.664862
New Zealand,1976,NZL,13.45243,6.122365
New Zealand,1977,NZL,17.74372,7.341437
New Zealand,1978,NZL,13.92594,7.50095
New Zealand,1979,NZL,14.39595,5.64398
New Zealand,1980,NZL,14.81399,7.007597
New Zealand,1981,NZL,15.79176,4.823435
New Zealand,1982,NZL,16.25312,6.611544
New Zealand,1983,NZL,15.45569,6.228209
New Zealand,1984,NZL,18.31777,5.417628
New Zealand,1985,NZL,15.46376,4.880707
New Zealand,1986,NZL,18.28667,6.580908
New Zealand,1987,NZL,21.75726,5.825074
New Zealand,1988,NZL,22.54321,5.668206
New Zealand,1989,NZL,22.05261,5.311521
New Zealand,1990,NZL,21.46452,5.137218
New Zealand,1991,NZL,21.63859,5.128064
New Zealand,1992,NZL,22.40842,5.231815
New Zealand,1993,NZL,19.34185,4.999377
New Zealand,1994,NZL,22.47202,5.328048
New Zealand,1995,NZL,23.36297,6.067229
New Zealand,1996,NZL,22.9649,5.941496
New Zealand,1997,NZL,23.70467,6.336947
New Zealand,1998,NZL,23.57084,6.807942
New Zealand,1999,NZL,20.3601,6.696422
New Zealand,2000,NZL,19.92565,4.168914
New Zealand,2001,NZL,20.36251,5.886771
New Zealand,2002,NZL,18.08962,5.621368
New Zealand,2003,NZL,18.50447,6.62168
New Zealand,2004,NZL,18.7397,5.336744
Nicaragua,2004,NIC,19.36138535,5.211092949
Niger,2004,NER,13.03199673,5.039722919
Nigeria,2004,NGA,10.24538708,5.225975037
Niue,2004,NIU,4.736305237,3.615885019
North Korea,2004,PRK,5.744086266,3.947198868
Norway,1951,NOR,9.586143,2.511076
Norway,1952,NOR,9.674347,3.233227
Norway,1953,NOR,10.26842,3.739577
Norway,1954,NOR,11.47895,2.320111
Norway,1955,NOR,10.91266,2.835984
Norway,1956,NOR,11.01718,2.458401
Norway,1957,NOR,10.88116,2.591909
Norway,1958,NOR,10.88523,2.396795
Norway,1959,NOR,10.94218,3.491517
Norway,1960,NOR,9.923195,2.268944
Norway,1961,NOR,10.12493,2.481758
Norway,1962,NOR,11.8351,2.784527
Norway,1963,NOR,10.9406,3.785133
Norway,1964,NOR,10.57239,2.76714
Norway,1965,NOR,11.25852,3.257871
Norway,1966,NOR,9.917175,3.103798
Norway,1967,NOR,9.680084,3.112187
Norway,1968,NOR,11.62396,3.539284
Norway,1969,NOR,12.2322,3.067463
Norway,1970,NOR,11.31155,4.704581
Norway,1971,NOR,11.69867,3.96741
Norway,1972,NOR,12.30194,4.859923
Norway,1973,NOR,12.6014,3.832234
Norway,1974,NOR,15.68005,4.290132
Norway,1975,NOR,13.57743,5.209936
Norway,1976,NOR,15.16921,5.316265
Norway,1977,NOR,16.34398,5.847558
Norway,1978,NOR,16.50862,5.967258
Norway,1979,NOR,16.30507,6.941861
Norway,1980,NOR,17.19674,6.125055
Norway,1981,NOR,18.20749,6.097747
Norway,1982,NOR,19.63434,7.106333
Norway,1983,NOR,20.02865,7.45241
Norway,1984,NOR,20.25437,6.493855
Norway,1985,NOR,19.7182,7.075398
Norway,1986,NOR,19.11323,6.891037
Norway,1987,NOR,21.47536,7.194898
Norway,1988,NOR,22.80284,8.539811
Norway,1989,NOR,20.99599,7.523332
Norway,1990,NOR,21.06987,7.021215
Norway,1991,NOR,21.73295,7.08075
Norway,1992,NOR,19.269,6.815001
Norway,1993,NOR,19.00583,5.635677
Norway,1994,NOR,16.54569,6.18733
Norway,1995,NOR,17.49037,5.659612
Norway,1996,NOR,16.32568,5.425931
Norway,1997,NOR,16.12466,5.889028
Norway,1998,NOR,17.13272,6.086514
Norway,1999,NOR,18.41498,6.462259
Norway,2000,NOR,17.4731,5.419983
Norway,2001,NOR,16.88968,5.784705
Norway,2002,NOR,14.7379,5.360832
Norway,2003,NOR,15.48331,5.2304
Norway,2004,NOR,14.72305,6.822908
Oman,2004,OMN,5.770564079,0.510549843
Pakistan,2004,PAK,12.80295563,13.0262146
Palau,2004,PLW,6.420404434,4.798904896
Panama,1984,PAN,2.677613,0.5404561
Panama,1985,PAN,4.880816,1.320754
Panama,1986,PAN,7.453704,1.417001
Panama,1987,PAN,7.03057,2.05939
Panama,1988,PAN,6.491446,1.931315
Panama,1989,PAN,5.891897,0.8963737
Panama,1996,PAN,7.942142,1.198894
Panama,1997,PAN,9.672293,1.678765
Panama,1998,PAN,9.496749,1.868072
Panama,1999,PAN,9.451866,1.375172
Panama,2000,PAN,9.406568,1.323197
Panama,2001,PAN,9.974922,1.664682
Panama,2002,PAN,9.449,2.152816
Panama,2003,PAN,12.00731,1.405318
Panama,2004,PAN,10.25313,2.161664
Papua New Guinea,2004,PNG,13.90877914,9.99246788
Paraguay,1994,PRY,4.584146,1.436651
Paraguay,1995,PRY,4.374225,1.499484
Paraguay,1996,PRY,3.474399,1.304838
Paraguay,1997,PRY,3.944752,1.73492
Paraguay,1998,PRY,4.748592,1.782107
Paraguay,1999,PRY,4.835973,2.292752
Paraguay,2000,PRY,4.807024,1.923762
Paraguay,2001,PRY,4.397122,2.041138
Paraguay,2002,PRY,4.405669,2.415609
Paraguay,2003,PRY,5.352427,1.44981
Paraguay,2004,PRY,6.300021,2.680549
Peru,2004,PER,2.261820793,1.100675225
Philippines,1992,PHL,0.9311314,0.3531852
Philippines,1993,PHL,1.832395,1.117274
Philippines,1997,PHL,2.038935,0.6920957
Philippines,1998,PHL,2.246799,0.6745756
Philippines,1999,PHL,2.524964,0.8156066
Philippines,2000,PHL,3.356358,1.070988
Philippines,2001,PHL,2.850168,0.818037
Philippines,2002,PHL,2.912669,0.8554534
Philippines,2003,PHL,3.327663,1.090869
Philippines,2004,PHL,2.897451401,0.978919387
Poland,1959,POL,12.70909,2.747147
Poland,1960,POL,15.26993,3.093132
Poland,1961,POL,16.48747,3.454455
Poland,1962,POL,17.04397,3.917751
Poland,1963,POL,15.9283,3.069671
Poland,1964,POL,15.60385,3.544581
Poland,1965,POL,16.65403,3.45191
Poland,1966,POL,18.33489,3.494119
Poland,1967,POL,18.63399,3.588097
Poland,1968,POL,19.29843,3.730314
Poland,1969,POL,19.67064,4.121762
Poland,1970,POL,19.90533,3.980076
Poland,1971,POL,20.53902,3.948938
Poland,1972,POL,20.81304,4.001822
Poland,1973,POL,20.09303,4.150195
Poland,1974,POL,18.91307,4.003276
Poland,1975,POL,19.47337,3.546349
Poland,1976,POL,20.64356,3.812861
Poland,1977,POL,21.1773,3.852462
Poland,1978,POL,22.7674,3.962742
Poland,1979,POL,21.77376,3.860626
Poland,1983,POL,20.75966,4.08059
Poland,1984,POL,23.47479,4.651175
Poland,1985,POL,22.48614,4.246272
Poland,1986,POL,22.05907,4.181237
Poland,1987,POL,22.32526,4.44194
Poland,1988,POL,20.4385,4.055269
Poland,1989,POL,19.20991,3.455828
Poland,1990,POL,21.80875,4.15857
Poland,1991,POL,23.52237,4.081217
Poland,1992,POL,24.77587,4.548273
Poland,1993,POL,24.1463,4.538097
Poland,1994,POL,23.88444,4.06301
Poland,1995,POL,23.23887,4.197458
Poland,1996,POL,22.86383,4.055182
Poland,1999,POL,23.99116,3.801051
Poland,2000,POL,24.09536,4.231325
Poland,2001,POL,24.36005,3.653028
Poland,2002,POL,23.81813,4.133393
Poland,2003,POL,23.72717,3.708668
Poland,2004,POL,24.48841,3.808252
Portugal,1955,PRT,17.64085,3.702455
Portugal,1956,PRT,19.45899,3.940488
Portugal,1957,PRT,15.13619,3.718987
Portugal,1958,PRT,15.86168,4.296834
Portugal,1959,PRT,17.57792,3.593614
Portugal,1960,PRT,15.62394,3.828558
Portugal,1961,PRT,15.59241,4.325647
Portugal,1962,PRT,15.29534,3.634641
Portugal,1963,PRT,16.98588,3.943712
Portugal,1964,PRT,17.21899,3.662016
Portugal,1965,PRT,16.74667,3.698461
Portugal,1966,PRT,16.89507,4.279377
Portugal,1967,PRT,17.8147,4.116631
Portugal,1968,PRT,16.24837,4.191739
Portugal,1969,PRT,15.34483,3.755364
Portugal,1970,PRT,14.00468,3.451541
Portugal,1971,PRT,14.65669,3.051788
Portugal,1972,PRT,13.66216,3.389121
Portugal,1973,PRT,13.8918,3.84974
Portugal,1974,PRT,13.44235,4.067813
Portugal,1975,PRT,13.58661,3.812816
Portugal,1976,PRT,14.80046,3.584012
Portugal,1977,PRT,14.78496,4.169503
Portugal,1978,PRT,15.07431,4.579728
Portugal,1979,PRT,16.00327,4.602372
Portugal,1980,PRT,11.57745,3.716932
Portugal,1981,PRT,11.37313,4.197906
Portugal,1982,PRT,11.82911,4.521269
Portugal,1983,PRT,14.21444,4.759202
Portugal,1984,PRT,14.50422,5.48386
Portugal,1985,PRT,13.71392,4.810634
Portugal,1986,PRT,13.12105,4.44743
Portugal,1987,PRT,13.70485,4.137074
Portugal,1988,PRT,11.75629,3.085557
Portugal,1989,PRT,10.24533,3.051861
Portugal,1990,PRT,11.86659,3.523117
Portugal,1991,PRT,12.90046,3.671722
Portugal,1992,PRT,11.33786,3.683841
Portugal,1993,PRT,10.25197,2.952558
Portugal,1994,PRT,10.36056,2.548767
Portugal,1995,PRT,10.00548,3.395956
Portugal,1996,PRT,8.146134,2.22119
Portugal,1997,PRT,7.980776,2.068861
Portugal,1998,PRT,6.792208,1.814767
Portugal,1999,PRT,6.400009,1.79163
Portugal,2000,PRT,6.44314,1.389155
Portugal,2001,PRT,9.318607,2.32396
Portugal,2002,PRT,14.73372,3.671439
Portugal,2003,PRT,13.41181,3.534476
Portugal,2004,PRT,13.76813889,3.381770134
Qatar,2004,QAT,2.964822054,1.045888662
Romania,1989,ROU,16.06707,5.014796
Romania,1990,ROU,12.80949,4.192598
Romania,1991,ROU,13.64045,3.973474
Romania,1992,ROU,17.55805,4.349811
Romania,1993,ROU,18.59851,4.347254
Romania,1994,ROU,19.49762,4.401498
Romania,1995,ROU,19.07028,4.051436
Romania,1996,ROU,19.61836,3.588795
Romania,1997,ROU,20.02037,3.560557
Romania,1998,ROU,19.44814,3.631034
Romania,1999,ROU,18.49115,3.619731
Romania,2000,ROU,19.07485,3.615755
Romania,2002,ROU,21.09002,3.855283
Romania,2003,ROU,19.59083,3.69424
Romania,2004,ROU,18.64492,3.121014
Russia,1980,RUS,58.29149,11.74176
Russia,1981,RUS,57.86173,11.10731
Russia,1982,RUS,58.34574,11.11159
Russia,1985,RUS,51.74969,10.43172
Russia,1986,RUS,36.58615,9.077941
Russia,1987,RUS,37.2289,8.884953
Russia,1988,RUS,38.88858,9.290985
Russia,1989,RUS,42.18855,8.938926
Russia,1990,RUS,43.18558,9.153014
Russia,1991,RUS,43.42383,8.857314
Russia,1992,RUS,50.95888,9.652694
Russia,1993,RUS,63.54155,10.85074
Russia,1994,RUS,70.80212,11.25802
Russia,1995,RUS,68.898,11.46194
Russia,1996,RUS,65.76081,10.38183
Russia,1997,RUS,61.91758,10.09711
Russia,1998,RUS,57.94143,9.408822
Russia,1999,RUS,63.71744,10.43329
Russia,2000,RUS,64.35001,9.611029
Russia,2001,RUS,64.83901,9.607494
Russia,2002,RUS,61.97556,9.507463
Russia,2003,RUS,57.86199,8.762399
Russia,2004,RUS,54.67918,8.535518
Rwanda,2004,RWA,18.921278,8.442500114
Saint Lucia,2004,LCA,13.45894718,3.418027878
Saint Vincent and the Grenadines,2004,VCT,16.99948692,2.656747818
Samoa,2004,WSM,5.689428329,5.327689648
San Marino,2004,SMR,11.30418301,1.48657012
Sao Tome and Principe,2004,STP,16.89408112,4.831316948
Saudi Arabia,2004,SAU,9.673741341,1.565913439
Senegal,2004,SEN,8.77296257,4.915722847
Serbia,1998,SRB,22.89251,8.27764
Serbia,1999,SRB,24.31089,8.78235
Serbia,2000,SRB,23.60471,8.410382
Serbia,2001,SRB,22.51401,7.373667
Serbia,2002,SRB,22.5509,6.859787
Serbia,2003,SRB,21.68016,6.705021
Serbia,2004,SRB,20.55656,6.408779
Serbia and Montenegro,1997,OWID_SRM,20.46484,8.296897
Serbia and Montenegro,1998,OWID_SRM,18.44108,7.301694
Serbia and Montenegro,1999,OWID_SRM,19.36547,7.754066
Serbia and Montenegro,2000,OWID_SRM,19.00419,7.298211
Serbia and Montenegro,2001,OWID_SRM,21.81269,7.597809
Serbia and Montenegro,2002,OWID_SRM,22.51922,6.965185
Serbia and Montenegro,2004,OWID_SRM,21.85721207,7.888039589
Seychelles,2004,SYC,18.95357704,0.181349486
Sierra Leone,2004,SLE,18.47812271,5.969195366
Singapore,1963,SGP,23.81263,8.783051
Singapore,1964,SGP,26.285,6.314593
Singapore,1965,SGP,20.56229,9.557222
Singapore,1966,SGP,21.63776,12.75478
Singapore,1967,SGP,20.38548,12.00578
Singapore,1968,SGP,26.26588,13.36652
Singapore,1969,SGP,19.04925,9.926293
Singapore,1970,SGP,18.08541,10.17527
Singapore,1971,SGP,21.16017,12.70751
Singapore,1972,SGP,24.37683,10.04345
Singapore,1973,SGP,19.51924,12.3076
Singapore,1974,SGP,17.56336,11.04292
Singapore,1975,SGP,21.20148,12.11277
Singapore,1976,SGP,17.15116,13.04941
Singapore,1977,SGP,17.07851,10.16335
Singapore,1978,SGP,19.87191,11.37953
Singapore,1979,SGP,16.96606,11.69068
Singapore,1980,SGP,15.53009,11.12292
Singapore,1981,SGP,10.35475,7.922733
Singapore,1982,SGP,13.58239,9.559989
Singapore,1983,SGP,14.48873,10.14531
Singapore,1984,SGP,11.12177,8.15266
Singapore,1985,SGP,17.34895,11.86326
Singapore,1986,SGP,17.41698,11.81259
Singapore,1987,SGP,15.77262,10.68006
Singapore,1988,SGP,19.11974,11.93868
Singapore,1989,SGP,18.14982,14.02505
Singapore,1990,SGP,15.68499,11.16215
Singapore,1991,SGP,13.34104,8.649853
Singapore,1992,SGP,11.25651,8.135537
Singapore,1993,SGP,12.69303,7.110344
Singapore,1994,SGP,13.65429,8.529442
Singapore,1995,SGP,15.9881,9.003538
Singapore,1996,SGP,10.57574,5.782323
Singapore,1997,SGP,12.93756,6.473236
Singapore,1998,SGP,13.02632,8.096891
Singapore,1999,SGP,11.69702,5.253664
Singapore,2000,SGP,12.15388,6.083872
Singapore,2001,SGP,11.51825,6.494368
Singapore,2002,SGP,10.89183,7.102538
Singapore,2003,SGP,11.57308,6.3655
Singapore,2004,SGP,11.07157,6.623429
Slovakia,1992,SVK,24.55667,4.573492
Slovakia,1993,SVK,23.30262,3.821248
Slovakia,1994,SVK,21.88799,3.597469
Slovakia,1995,SVK,22.61441,4.147551
Slovakia,1996,SVK,20.70107,3.37746
Slovakia,1997,SVK,19.00266,3.290371
Slovakia,1998,SVK,20.6374,2.69374
Slovakia,1999,SVK,20.84727,3.184771
Slovakia,2000,SVK,20.64439,4.106474
Slovakia,2001,SVK,20.19924,3.365531
Slovakia,2002,SVK,21.08754,2.965688
Slovakia,2003,SVK,21.93771,3.029095
Slovakia,2004,SVK,18.80426,3.281882
Slovenia,1985,SVN,49.74031,12.53832
Slovenia,1986,SVN,45.46986,11.278
Slovenia,1987,SVN,43.51923,14.18022
Slovenia,1988,SVN,45.24703,14.21275
Slovenia,1989,SVN,49.92982,13.43268
Slovenia,1990,SVN,40.50645,10.27987
Slovenia,1991,SVN,47.60148,11.83989
Slovenia,1992,SVN,41.5381,11.20632
Slovenia,1993,SVN,45.79264,10.36683
Slovenia,1994,SVN,44.6827,11.13168
Slovenia,1995,SVN,40.24912,9.963476
Slovenia,1996,SVN,41.8033,11.27626
Slovenia,1997,SVN,43.11447,9.36951
Slovenia,1998,SVN,43.31761,10.72607
Slovenia,1999,SVN,40.34452,10.64391
Slovenia,2000,SVN,38.12474,11.61877
Slovenia,2001,SVN,39.62702,8.804616
Slovenia,2002,SVN,36.0453,7.833283
Slovenia,2003,SVN,36.90978,8.426601
Slovenia,2004,SVN,30.2476,10.38242
Solomon Islands,2004,SLB,4.892630577,4.040680885
Somalia,2004,SOM,33.02750778,26.97296906
South Africa,2004,ZAF,25.56507301,7.15562439
South Korea,1985,KOR,15.14904,5.164001
South Korea,1986,KOR,14.10982,4.503972
South Korea,1987,KOR,12.94893,4.490364
South Korea,1988,KOR,10.84375,4.082624
South Korea,1989,KOR,10.94012,4.329062
South Korea,1990,KOR,11.11413,4.475991
South Korea,1991,KOR,10.50475,4.283374
South Korea,1992,KOR,11.9305,4.848248
South Korea,1993,KOR,13.87159,5.720911
South Korea,1994,KOR,13.86809,5.958957
South Korea,1995,KOR,15.5097,6.443645
South Korea,1996,KOR,18.53007,7.577933
South Korea,1997,KOR,18.86672,7.614263
South Korea,1998,KOR,27.23122,9.56099
South Korea,1999,KOR,21.82271,8.383825
South Korea,2000,KOR,19.49983,7.674746
South Korea,2002,KOR,25.43147,10.06169
South Korea,2003,KOR,31.80959,12.45745
South Korea,2004,KOR,32.49784,12.98079
Spain,1951,ESP,9.702232,2.915054
Spain,1952,ESP,9.558169,3.295042
Spain,1953,ESP,9.907714,2.903252
Spain,1954,ESP,9.811701,2.741883
Spain,1955,ESP,9.078657,2.602778
Spain,1956,ESP,8.4275,2.761642
Spain,1957,ESP,8.271105,2.79407
Spain,1958,ESP,7.950587,2.625093
Spain,1959,ESP,8.285385,2.562132
Spain,1960,ESP,8.75699,2.803123
Spain,1961,ESP,8.461027,2.385278
Spain,1962,ESP,7.780812,2.371431
Spain,1963,ESP,7.738816,2.402251
Spain,1964,ESP,7.945112,2.240458
Spain,1965,ESP,7.393143,2.283824
Spain,1966,ESP,7.401293,2.059052
Spain,1967,ESP,6.953454,2.123657
Spain,1968,ESP,6.485275,2.122182
Spain,1969,ESP,7.010796,1.938205
Spain,1970,ESP,6.105517,1.93455
Spain,1971,ESP,6.674414,1.917329
Spain,1972,ESP,6.796092,2.058717
Spain,1973,ESP,6.232269,2.115611
Spain,1974,ESP,5.827903,2.00362
Spain,1975,ESP,5.948262,1.77509
Spain,1976,ESP,6.134294,1.929668
Spain,1977,ESP,6.078854,1.910029
Spain,1978,ESP,6.020765,1.954299
Spain,1979,ESP,6.210747,1.853791
Spain,1980,ESP,6.603395,1.883753
Spain,1981,ESP,6.697839,2.020587
Spain,1982,ESP,6.928572,2.28023
Spain,1983,ESP,8.026987,2.525702
Spain,1984,ESP,9.143158,2.763804
Spain,1985,ESP,8.970794,2.842288
Spain,1986,ESP,9.882834,2.970881
Spain,1987,ESP,9.589047,3.256647
Spain,1988,ESP,10.19932,3.251727
Spain,1989,ESP,10.37489,3.022854
Spain,1990,ESP,9.793649,3.133903
Spain,1991,ESP,9.688658,2.96489
Spain,1992,ESP,9.450427,2.581168
Spain,1993,ESP,10.25855,2.883488
Spain,1994,ESP,10.76954,2.781699
Spain,1995,ESP,10.46919,2.815258
Spain,1996,ESP,10.61616,3.340948
Spain,1997,ESP,10.81126,3.125757
Spain,1998,ESP,10.51271,2.807407
Spain,2001,ESP,9.610643,2.681486
Spain,2002,ESP,9.880076,2.882634
Spain,2003,ESP,10.01017,2.899261
Spain,2004,ESP,9.851422,2.90705
Sri Lanka,1950,LKA,11.23527,5.011446
Sri Lanka,1951,LKA,11.83208,5.744753
Sri Lanka,1952,LKA,11.01291,6.003711
Sri Lanka,1953,LKA,12.21064,5.24056
Sri Lanka,1954,LKA,13.30095,6.659508
Sri Lanka,1955,LKA,12.22634,5.416183
Sri Lanka,1956,LKA,14.26081,5.432433
Sri Lanka,1957,LKA,15.28692,5.603672
Sri Lanka,1958,LKA,16.09668,5.405377
Sri Lanka,1959,LKA,14.39286,6.397889
Sri Lanka,1960,LKA,17.80459,7.043905
Sri Lanka,1961,LKA,16.79716,7.529852
Sri Lanka,1962,LKA,20.91992,7.576896
Sri Lanka,1963,LKA,22.63954,7.620313
Sri Lanka,1964,LKA,23.8775,10.14845
Sri Lanka,1965,LKA,22.40617,9.222506
Sri Lanka,1966,LKA,22.30304,9.719633
Sri Lanka,1967,LKA,30.02351,11.24375
Sri Lanka,1968,LKA,30.64032,10.70995
Sri Lanka,1977,LKA,27.81343,13.8749
Sri Lanka,1980,LKA,44.05927,19.61821
Sri Lanka,1981,LKA,43.24277,20.28778
Sri Lanka,1982,LKA,48.3875,20.90057
Sri Lanka,1983,LKA,52.87107,22.912
Sri Lanka,1984,LKA,54.59535,22.64383
Sri Lanka,1985,LKA,54.09293,21.2685
Sri Lanka,1986,LKA,52.7536,18.22672
Sri Lanka,2004,LKA,45.63751602,11.60693264
Sudan,2004,SDN,13.63727474,5.942135334
Suriname,2004,SUR,32.64708328,9.536875725
Swaziland,2004,SWZ,15.46560764,10.95679283
Sweden,1951,SWE,22.75544,6.732965
Sweden,1952,SWE,23.79813,6.355847
Sweden,1953,SWE,25.09013,8.111773
Sweden,1954,SWE,22.64736,7.265455
Sweden,1955,SWE,24.01801,7.44846
Sweden,1956,SWE,27.58143,8.021605
Sweden,1957,SWE,27.5053,7.768376
Sweden,1958,SWE,22.66192,7.471743
Sweden,1959,SWE,23.97156,8.108604
Sweden,1960,SWE,23.1223,7.636769
Sweden,1961,SWE,22.46557,7.284967
Sweden,1962,SWE,24.42081,8.2514
Sweden,1963,SWE,23.8648,9.054564
Sweden,1964,SWE,25.36592,9.76568
Sweden,1965,SWE,24.45315,9.071277
Sweden,1966,SWE,25.92117,9.653698
Sweden,1967,SWE,28.58081,10.20974
Sweden,1968,SWE,28.32438,10.59062
Sweden,1969,SWE,27.89718,11.44526
Sweden,1970,SWE,27.94622,12.03901
Sweden,1971,SWE,25.62592,10.92553
Sweden,1972,SWE,26.40089,10.18762
Sweden,1973,SWE,26.72003,10.68142
Sweden,1974,SWE,25.65115,10.09709
Sweden,1975,SWE,25.09587,10.09
Sweden,1976,SWE,23.96432,10.32404
Sweden,1977,SWE,25.32167,9.669584
Sweden,1978,SWE,23.56358,10.30105
Sweden,1979,SWE,25.16924,11.4315
Sweden,1980,SWE,24.84582,9.911782
Sweden,1981,SWE,21.72765,8.982367
Sweden,1982,SWE,24.28831,9.636292
Sweden,1983,SWE,23.87742,9.449626
Sweden,1984,SWE,24.32954,10.33465
Sweden,1985,SWE,21.81473,9.789674
Sweden,1986,SWE,23.5359,8.991082
Sweden,1987,SWE,22.45296,9.136179
Sweden,1988,SWE,22.8015,9.808012
Sweden,1989,SWE,23.22564,9.041406
Sweden,1990,SWE,20.25444,8.702847
Sweden,1991,SWE,20.8868,8.587622
Sweden,1992,SWE,18.26786,7.952881
Sweden,1993,SWE,18.6778,8.081827
Sweden,1994,SWE,17.96867,6.964609
Sweden,1995,SWE,18.26309,7.473848
Sweden,1996,SWE,16.91674,6.875292
Sweden,1997,SWE,16.63838,6.559667
Sweden,1998,SWE,16.67499,6.12134
Sweden,1999,SWE,16.52089,6.816168
Sweden,2000,SWE,15.12617,6.059021
Sweden,2001,SWE,15.56608,6.287191
Sweden,2002,SWE,16.2871,5.752751
Sweden,2003,SWE,14.4671,6.393465
Sweden,2004,SWE,15.61782,5.873864
Switzerland,1951,CHE,30.33841,10.56031
Switzerland,1952,CHE,31.03502,10.23782
Switzerland,1953,CHE,32.949,9.007576
Switzerland,1954,CHE,32.62229,10.58802
Switzerland,1955,CHE,29.88089,10.81122
Switzerland,1956,CHE,30.60099,10.37492
Switzerland,1957,CHE,30.61531,9.359056
Switzerland,1958,CHE,30.13363,10.11771
Switzerland,1959,CHE,28.95568,8.415977
Switzerland,1960,CHE,26.92226,9.792006
Switzerland,1961,CHE,25.2364,9.92152
Switzerland,1962,CHE,26.94219,9.488377
Switzerland,1963,CHE,24.4753,8.777312
Switzerland,1964,CHE,23.65306,8.980412
Switzerland,1965,CHE,26.95374,8.868424
Switzerland,1966,CHE,26.39052,9.2642
Switzerland,1967,CHE,26.06185,8.265817
Switzerland,1968,CHE,24.53819,8.602951
Switzerland,1969,CHE,24.43914,8.789406
Switzerland,1970,CHE,26.53881,8.986479
Switzerland,1971,CHE,25.04941,10.31645
Switzerland,1972,CHE,27.07225,10.10586
Switzerland,1973,CHE,26.00314,9.492155
Switzerland,1974,CHE,27.55334,11.08497
Switzerland,1975,CHE,31.20489,11.43602
Switzerland,1976,CHE,30.42174,11.17744
Switzerland,1977,CHE,31.97277,12.54905
Switzerland,1978,CHE,32.02621,12.59602
Switzerland,1979,CHE,31.89702,13.63322
Switzerland,1980,CHE,33.44262,13.08645
Switzerland,1981,CHE,30.5427,12.42186
Switzerland,1982,CHE,32.01274,12.3916
Switzerland,1983,CHE,33.21622,11.6622
Switzerland,1984,CHE,32.21432,11.83314
Switzerland,1985,CHE,31.32168,12.83876
Switzerland,1986,CHE,28.92554,10.98364
Switzerland,1987,CHE,30.45419,10.70665
Switzerland,1988,CHE,28.15347,10.14532
Switzerland,1989,CHE,28.38021,10.74188
Switzerland,1990,CHE,26.94739,10.18671
Switzerland,1991,CHE,29.20185,9.104451
Switzerland,1992,CHE,26.72009,8.590002
Switzerland,1993,CHE,25.56555,9.120775
Switzerland,1994,CHE,26.74516,9.546003
Switzerland,1995,CHE,25.19455,8.803282
Switzerland,1996,CHE,25.09206,9.073054
Switzerland,1997,CHE,23.76165,7.795402
Switzerland,2001,CHE,21.919,7.853479
Switzerland,2002,CHE,22.44623,9.060589
Switzerland,2003,CHE,19.12907,7.772471
Switzerland,2004,CHE,18.738,7.944855
Syria,2004,SYR,0.597565532,0.446933389
Tajikistan,2004,TJK,3.257120609,2.107353687
Tanzania,2004,TZA,17.50307846,7.750602245
Thailand,2004,THA,14.74799156,5.488035202
Timor,2004,TLS,12.34579182,6.960760593
Togo,2004,TGO,8.492129326,4.514622211
Tonga,2004,TON,3.846517801,5.062223911
Trinidad and Tobago,1951,TTO,5.785297,2.726427
Trinidad and Tobago,1952,TTO,7.27397,3.557668
Trinidad and Tobago,1953,TTO,10.18897,2.513744
Trinidad and Tobago,1954,TTO,8.769217,3.52006
Trinidad and Tobago,1955,TTO,13.79281,2.951571
Trinidad and Tobago,1956,TTO,12.91296,2.004345
Trinidad and Tobago,1957,TTO,14.62698,1.002481
Trinidad and Tobago,1958,TTO,7.793511,1.997751
Trinidad and Tobago,1960,TTO,6.642903,1.929697
Trinidad and Tobago,1961,TTO,7.362831,2.060731
Trinidad and Tobago,1962,TTO,6.522882,1.422584
Trinidad and Tobago,1963,TTO,5.279912,0.6129742
Trinidad and Tobago,1967,TTO,8.358265,1.817805
Trinidad and Tobago,1968,TTO,11.58803,5.748702
Trinidad and Tobago,1970,TTO,15.66931,4.756058
Trinidad and Tobago,1971,TTO,10.35357,1.656986
Trinidad and Tobago,1972,TTO,16.13442,6.732993
Trinidad and Tobago,1973,TTO,16.64358,5.951644
Trinidad and Tobago,1974,TTO,11.05883,6.169045
Trinidad and Tobago,1975,TTO,13.91031,6.241136
Trinidad and Tobago,1976,TTO,14.94793,5.048275
Trinidad and Tobago,1977,TTO,13.52917,5.142674
Trinidad and Tobago,1978,TTO,8.303322,1.132487
Trinidad and Tobago,1979,TTO,7.63773,3.493548
Trinidad and Tobago,1980,TTO,7.16725,1.637456
Trinidad and Tobago,1981,TTO,7.789286,2.97772
Trinidad and Tobago,1982,TTO,11.10799,3.640255
Trinidad and Tobago,1983,TTO,13.98364,4.719494
Trinidad and Tobago,1984,TTO,9.777418,3.369459
Trinidad and Tobago,1985,TTO,4.584487,0.7385139
Trinidad and Tobago,1986,TTO,13.30337,5.986737
Trinidad and Tobago,1987,TTO,16.99072,4.617908
Trinidad and Tobago,1988,TTO,22.93384,7.859989
Trinidad and Tobago,1989,TTO,25.24604,6.960498
Trinidad and Tobago,1990,TTO,22.43776,7.57019
Trinidad and Tobago,1991,TTO,20.94859,5.057765
Trinidad and Tobago,1992,TTO,22.6082,4.470154
Trinidad and Tobago,1993,TTO,23.88354,4.523787
Trinidad and Tobago,1994,TTO,19.5026,5.045835
Trinidad and Tobago,1995,TTO,27.16472,6.311679
Trinidad and Tobago,1996,TTO,20.38877,5.349893
Trinidad and Tobago,1997,TTO,22.11063,4.776528
Trinidad and Tobago,1998,TTO,23.93831,4.401545
Trinidad and Tobago,1999,TTO,19.1211,4.499389
Trinidad and Tobago,2000,TTO,22.07167,4.841399
Trinidad and Tobago,2001,TTO,22.7507,5.463157
Trinidad and Tobago,2002,TTO,20.08665,3.737824
Trinidad and Tobago,2004,TTO,22.53356361,7.175161362
Tunisia,2004,TUN,4.329698563,1.971736789
Turkey,2004,TUR,4.583178043,2.639457464
Turkmenistan,1981,TKM,18.75795,6.226524
Turkmenistan,1982,TKM,14.01583,6.27384
Turkmenistan,1985,TKM,15.12287,4.886627
Turkmenistan,1986,TKM,16.7749,7.469977
Turkmenistan,1987,TKM,14.81979,7.609131
Turkmenistan,1988,TKM,14.73198,6.029309
Turkmenistan,1989,TKM,13.47969,5.757218
Turkmenistan,1990,TKM,15.5346,5.822345
Turkmenistan,1991,TKM,13.32006,5.606867
Turkmenistan,1992,TKM,13.22693,5.243183
Turkmenistan,1993,TKM,11.72937,4.095586
Turkmenistan,1994,TKM,10.02413,4.861675
Turkmenistan,1995,TKM,11.29969,2.616967
Turkmenistan,1996,TKM,12.59451,3.076711
Turkmenistan,1997,TKM,13.42804,3.446744
Turkmenistan,1998,TKM,16.84886,4.092763
Turkmenistan,2004,TKM,20.89617538,4.012059212
Tuvalu,2004,TUV,8.264158249,7.446298599
Uganda,2004,UGA,16.82118797,8.046066284
Ukraine,1981,UKR,39.32916,7.436482
Ukraine,1982,UKR,40.96602,7.745018
Ukraine,1985,UKR,36.04244,7.111
Ukraine,1986,UKR,28.38107,6.966435
Ukraine,1987,UKR,29.96474,7.1759
Ukraine,1988,UKR,29.28366,7.015817
Ukraine,1989,UKR,33.20305,7.286044
Ukraine,1990,UKR,32.74656,6.774807
Ukraine,1991,UKR,32.91568,6.531469
Ukraine,1992,UKR,35.71603,7.356577
Ukraine,1993,UKR,38.55526,7.255165
Ukraine,1994,UKR,43.18591,7.740508
Ukraine,1995,UKR,46.52814,7.520094
Ukraine,1996,UKR,48.82568,7.687284
Ukraine,1997,UKR,47.38778,7.998254
Ukraine,1998,UKR,46.86461,8.130715
Ukraine,1999,UKR,45.97361,7.55036
Ukraine,2000,UKR,46.48815,7.670717
Ukraine,2001,UKR,43.15834,6.383736
Ukraine,2002,UKR,41.1476,6.361105
Ukraine,2003,UKR,40.38043,6.256175
Ukraine,2004,UKR,37.3636,5.39009
United Arab Emirates,2004,ARE,1.806055069,0.274214566
United Kingdom,1950,GBR,11.43233,5.367217
United Kingdom,1951,GBR,11.29382,5.466589
United Kingdom,1952,GBR,11.12799,5.059583
United Kingdom,1953,GBR,11.91818,5.663029
United Kingdom,1954,GBR,12.4511,6.053491
United Kingdom,1955,GBR,12.10914,6.340184
United Kingdom,1956,GBR,12.56579,6.697222
United Kingdom,1957,GBR,12.40468,6.864992
United Kingdom,1958,GBR,12.51756,6.803025
United Kingdom,1959,GBR,12.18669,6.780856
United Kingdom,1960,GBR,11.99681,6.661391
United Kingdom,1961,GBR,11.75955,6.950402
United Kingdom,1962,GBR,12.65946,7.493289
United Kingdom,1963,GBR,12.7929,7.807155
United Kingdom,1964,GBR,12.07235,7.645912
United Kingdom,1965,GBR,11.1514,7.214386
United Kingdom,1966,GBR,10.85252,6.986245
United Kingdom,1967,GBR,10.5854,6.294775
United Kingdom,1968,GBR,10.20879,6.129091
United Kingdom,1969,GBR,9.582495,5.7487
United Kingdom,1970,GBR,8.719311,5.405731
United Kingdom,1971,GBR,8.665622,5.371745
United Kingdom,1972,GBR,8.545503,5.229085
United Kingdom,1973,GBR,8.747685,5.33337
United Kingdom,1974,GBR,8.895075,5.380699
United Kingdom,1975,GBR,8.450904,5.148705
United Kingdom,1976,GBR,9.011999,5.041883
United Kingdom,1977,GBR,9.162452,5.316658
United Kingdom,1978,GBR,9.446365,5.232867
United Kingdom,1979,GBR,9.980624,5.512966
United Kingdom,1980,GBR,10.2206,5.566744
United Kingdom,1981,GBR,10.73835,5.229814
United Kingdom,1982,GBR,10.81128,4.948067
United Kingdom,1983,GBR,10.84736,4.734631
United Kingdom,1984,GBR,10.98399,4.635503
United Kingdom,1985,GBR,11.32458,4.682991
United Kingdom,1986,GBR,11.13024,3.999975
United Kingdom,1987,GBR,10.68571,3.807797
United Kingdom,1988,GBR,11.81646,3.846012
United Kingdom,1989,GBR,10.57383,3.181611
United Kingdom,1990,GBR,11.51284,3.194811
United Kingdom,1991,GBR,11.40854,3.013177
United Kingdom,1992,GBR,11.54631,3.054398
United Kingdom,1993,GBR,11.11882,2.900457
United Kingdom,1994,GBR,10.92725,2.795025
United Kingdom,1995,GBR,10.76036,2.725696
United Kingdom,1996,GBR,10.08934,2.828773
United Kingdom,1997,GBR,10.15644,2.762585
United Kingdom,1998,GBR,10.81911,2.856035
United Kingdom,1999,GBR,10.81001,2.861329
United Kingdom,2000,GBR,10.33551,2.871172
United Kingdom,2001,GBR,10.20752,2.635219
United Kingdom,2002,GBR,10.09898,2.755822
United Kingdom,2003,GBR,9.572784,2.660466
United Kingdom,2004,GBR,9.783954,2.879764
United States,1950,USA,17.77851,4.960009
United States,1951,USA,16.28027,4.561817
United States,1952,USA,15.88175,4.287655
United States,1953,USA,16.20172,4.190372
United States,1954,USA,16.45053,4.078955
United States,1955,USA,16.17426,4.496099
United States,1956,USA,15.95694,4.375252
United States,1957,USA,15.77539,4.237473
United States,1958,USA,17.29955,4.739722
United States,1959,USA,17.16739,4.696201
United States,1960,USA,17.11468,4.97594
United States,1961,USA,16.7991,4.965976
United States,1962,USA,17.32314,5.601066
United States,1963,USA,17.41107,5.965665
United States,1964,USA,17.04449,5.833147
United States,1965,USA,17.31475,6.312077
United States,1966,USA,17.10003,6.091924
United States,1967,USA,16.70201,6.288045
United States,1968,USA,16.6772,6.063595
United States,1969,USA,16.96198,6.495037
United States,1970,USA,17.55323,6.764477
United States,1971,USA,17.43881,6.994441
United States,1972,USA,18.07107,6.896132
United States,1973,USA,18.12635,6.578322
United States,1974,USA,18.35826,6.579705
United States,1975,USA,18.84915,6.739123
United States,1976,USA,18.36837,6.497314
United States,1977,USA,19.44749,6.599395
United States,1978,USA,18.25219,6.084483
United States,1979,USA,17.98113,5.831119
United States,1980,USA,17.9068,5.254861
United States,1981,USA,17.93703,5.563645
United States,1982,USA,18.37661,5.313848
United States,1983,USA,18.32817,5.124713
United States,1984,USA,18.6866,5.124178
United States,1985,USA,18.82926,4.825583
United States,1986,USA,19.42881,5.030247
United States,1987,USA,19.24467,4.862983
United States,1988,USA,18.87749,4.656812
United States,1989,USA,18.74973,4.476208
United States,1990,USA,19.17359,4.463702
United States,1991,USA,18.97799,4.323066
United States,1992,USA,18.50595,4.237412
United States,1993,USA,18.74911,4.269796
United States,1994,USA,18.72958,4.120951
United States,1995,USA,18.6631,4.027353
United States,1996,USA,18.05777,4.012577
United States,1997,USA,17.49109,4.041173
United States,1998,USA,17.311,3.971198
United States,1999,USA,16.37104,3.740543
United States,2000,USA,15.8555,3.634614
United States,2001,USA,16.30071,3.722382
United States,2002,USA,16.45662,3.841498
United States,2003,USA,16.13232,3.837264
United States,2004,USA,16.18447,4.175814
Uruguay,1955,URY,18.04284,7.821382
Uruguay,1956,URY,21.16918,9.487456
Uruguay,1957,URY,17.06626,7.101563
Uruguay,1958,URY,18.14059,5.600165
Uruguay,1959,URY,19.27122,5.789924
Uruguay,1960,URY,19.4641,7.090849
Uruguay,1963,URY,16.80121,4.748742
Uruguay,1964,URY,14.15188,3.986283
Uruguay,1965,URY,17.79073,5.687175
Uruguay,1966,URY,17.03898,5.505983
Uruguay,1967,URY,16.58594,5.024784
Uruguay,1968,URY,16.8644,4.872096
Uruguay,1969,URY,16.61457,5.634128
Uruguay,1970,URY,14.48357,5.243791
Uruguay,1971,URY,17.2133,4.628649
Uruguay,1972,URY,18.96768,4.473436
Uruguay,1973,URY,19.29246,4.54467
Uruguay,1974,URY,17.8912,6.014835
Uruguay,1975,URY,16.71816,4.083939
Uruguay,1976,URY,16.20861,5.437172
Uruguay,1977,URY,19.51051,4.145528
Uruguay,1978,URY,16.40801,4.677876
Uruguay,1980,URY,15.75476,2.957085
Uruguay,1981,URY,15.45711,2.594344
Uruguay,1982,URY,18.11897,3.678551
Uruguay,1983,URY,18.61906,3.279607
Uruguay,1984,URY,18.0129,3.863088
Uruguay,1985,URY,15.76493,3.107611
Uruguay,1986,URY,13.39979,3.52106
Uruguay,1987,URY,12.65487,3.911052
Uruguay,1988,URY,13.91242,3.361566
Uruguay,1989,URY,17.94848,4.188364
Uruguay,1990,URY,16.42166,3.695709
Uruguay,1993,URY,19.61811,5.488769
Uruguay,1994,URY,20.18342,4.154894
Uruguay,1995,URY,20.36055,5.791384
Uruguay,1996,URY,19.37699,4.79489
Uruguay,1997,URY,22.63041,4.889874
Uruguay,1998,URY,25.5048,5.797886
Uruguay,1999,URY,22.12918,4.640351
Uruguay,2000,URY,27.87655,5.195457
Uruguay,2001,URY,23.17886,5.992177
Uruguay,2004,URY,24.62257,5.87522
USSR,1982,OWID_USS,47.42691,9.485607
USSR,1983,OWID_USS,49.35331,9.808056
USSR,1984,OWID_USS,51.90044,10.17777
USSR,1985,OWID_USS,42.3809,8.968728
USSR,1986,OWID_USS,31.0752,8.041356
USSR,1987,OWID_USS,31.58979,8.053088
USSR,1988,OWID_USS,32.15807,8.14377
USSR,1989,OWID_USS,35.44636,8.102757
USSR,1990,OWID_USS,35.57103,8.005068
Uzbekistan,1981,UZB,15.05294,4.706081
Uzbekistan,1982,UZB,14.24871,4.700735
Uzbekistan,1985,UZB,16.64022,5.843649
Uzbekistan,1986,UZB,15.14436,5.153222
Uzbekistan,1987,UZB,13.19061,5.550764
Uzbekistan,1988,UZB,11.97316,5.186389
Uzbekistan,1989,UZB,14.47702,5.754392
Uzbekistan,1990,UZB,13.63582,5.557875
Uzbekistan,1991,UZB,13.81388,4.245213
Uzbekistan,1992,UZB,12.09948,3.858855
Uzbekistan,1993,UZB,12.4207,3.871968
Uzbekistan,1994,UZB,13.04666,3.723653
Uzbekistan,1995,UZB,13.9437,3.704561
Uzbekistan,1996,UZB,15.54354,3.800148
Uzbekistan,1997,UZB,13.59914,3.434181
Uzbekistan,1998,UZB,13.49692,3.408654
Uzbekistan,1999,UZB,14.07134,3.905299
Uzbekistan,2000,UZB,14.4234,4.224298
Uzbekistan,2001,UZB,13.80541,3.965342
Uzbekistan,2002,UZB,10.84465,3.367691
Uzbekistan,2003,UZB,9.563709,3.1516
Uzbekistan,2004,UZB,8.335874,2.460547
Vanuatu,2004,VUT,5.264332771,4.640526295
Venezuela,1955,VEN,11.71573,2.761771
Venezuela,1956,VEN,12.50311,3.440769
Venezuela,1957,VEN,10.25231,2.740319
Venezuela,1958,VEN,12.44056,3.402511
Venezuela,1959,VEN,10.96162,4.563677
Venezuela,1960,VEN,12.09969,3.825712
Venezuela,1961,VEN,10.9523,4.445967
Venezuela,1962,VEN,10.84552,4.279155
Venezuela,1963,VEN,11.38046,4.085367
Venezuela,1964,VEN,12.68132,3.904315
Venezuela,1965,VEN,13.46029,3.980485
Venezuela,1966,VEN,14.03911,4.737731
Venezuela,1967,VEN,12.96048,4.284422
Venezuela,1968,VEN,12.4001,4.133926
Venezuela,1969,VEN,15.00241,5.088382
Venezuela,1970,VEN,14.48611,4.608035
Venezuela,1971,VEN,13.47754,4.265741
Venezuela,1972,VEN,13.02315,4.063846
Venezuela,1973,VEN,12.89934,3.198213
Venezuela,1974,VEN,10.29035,2.95806
Venezuela,1975,VEN,11.37829,3.108485
Venezuela,1976,VEN,10.09245,2.485117
Venezuela,1977,VEN,9.832047,2.247088
Venezuela,1978,VEN,10.68574,2.456438
Venezuela,1979,VEN,8.958564,1.899036
Venezuela,1980,VEN,11.24496,2.16434
Venezuela,1981,VEN,9.579517,2.010783
Venezuela,1982,VEN,9.191083,2.33286
Venezuela,1983,VEN,10.54608,2.257488
Venezuela,1985,VEN,10.37314,2.101539
Venezuela,1986,VEN,10.01337,2.033747
Venezuela,1987,VEN,9.010385,1.909971
Venezuela,1988,VEN,10.07475,1.672729
Venezuela,1989,VEN,9.943327,2.104551
Venezuela,1990,VEN,10.37613,2.247543
Venezuela,1992,VEN,10.12002,1.615445
Venezuela,1993,VEN,9.66666,1.602647
Venezuela,1994,VEN,10.28348,2.075771
Venezuela,1996,VEN,9.180905,1.528837
Venezuela,1997,VEN,9.015438,1.824896
Venezuela,1998,VEN,9.398416,1.777638
Venezuela,1999,VEN,10.00875,1.890461
Venezuela,2000,VEN,10.2961,1.627371
Venezuela,2001,VEN,10.58273,1.898149
Venezuela,2002,VEN,9.732867,1.837916
Venezuela,2003,VEN,8.302842,1.756944
Venezuela,2004,VEN,7.2048,1.579628
Vietnam,2004,VNM,14.20449734,9.281546593
West Germany,1952,OWID_GFR,23.25524,10.05357
West Germany,1953,OWID_GFR,24.09809,10.19366
West Germany,1954,OWID_GFR,25.16584,11.24959
West Germany,1955,OWID_GFR,24.42391,11.23531
West Germany,1956,OWID_GFR,24.21899,10.62746
West Germany,1957,OWID_GFR,23.43021,10.5677
West Germany,1958,OWID_GFR,24.58185,10.54551
West Germany,1959,OWID_GFR,23.78552,10.60355
West Germany,1960,OWID_GFR,23.7907,10.6596
West Germany,1961,OWID_GFR,23.39816,10.97472
West Germany,1962,OWID_GFR,23.20643,10.41092
West Germany,1963,OWID_GFR,24.44666,10.88167
West Germany,1964,OWID_GFR,25.37607,11.36707
West Germany,1965,OWID_GFR,24.93201,11.32999
West Germany,1966,OWID_GFR,25.87004,11.49965
West Germany,1967,OWID_GFR,27.96327,11.43323
West Germany,1968,OWID_GFR,26.36491,11.69543
West Germany,1969,OWID_GFR,26.43683,12.1856
West Germany,1970,OWID_GFR,27.14107,12.59102
West Germany,1971,OWID_GFR,26.30488,12.24174
West Germany,1972,OWID_GFR,25.07037,11.52183
West Germany,1973,OWID_GFR,26.02585,11.98623
West Germany,1974,OWID_GFR,26.30085,12.04591
West Germany,1975,OWID_GFR,26.08299,11.84409
West Germany,1976,OWID_GFR,27.17856,12.11986
West Germany,1977,OWID_GFR,28.02503,12.74571
West Germany,1978,OWID_GFR,27.49423,12.15791
West Germany,1979,OWID_GFR,26.25374,11.39117
West Germany,1980,OWID_GFR,25.21093,10.89978
West Germany,1981,OWID_GFR,26.31953,11.09901
West Germany,1982,OWID_GFR,26.27146,10.52612
West Germany,1983,OWID_GFR,25.19592,10.85313
West Germany,1984,OWID_GFR,24.57673,9.769133
West Germany,1985,OWID_GFR,25.05526,9.466913
West Germany,1986,OWID_GFR,22.48152,8.796329
West Germany,1987,OWID_GFR,22.35457,8.562513
West Germany,1988,OWID_GFR,20.69531,7.769985
West Germany,1989,OWID_GFR,19.45896,7.13517
West Germany,1990,OWID_GFR,18.63537,6.796198
Yemen,2004,YEM,7.235575199,5.373616695
Yugoslavia,1968,OWID_YGS,20.71317,6.980638
Yugoslavia,1969,OWID_YGS,22.32288,7.668771
Yugoslavia,1978,OWID_YGS,19.92653,8.268257
Yugoslavia,1979,OWID_YGS,20.5665,7.954185
Yugoslavia,1980,OWID_YGS,21.30191,7.97878
Yugoslavia,1981,OWID_YGS,22.80865,8.267892
Yugoslavia,1982,OWID_YGS,22.37416,9.055255
Yugoslavia,1983,OWID_YGS,22.67598,8.625981
Yugoslavia,1984,OWID_YGS,23.24142,8.548234
Yugoslavia,1985,OWID_YGS,22.53332,8.234728
Yugoslavia,1986,OWID_YGS,22.3238,8.31718
Yugoslavia,1987,OWID_YGS,23.3355,9.230215
Yugoslavia,1988,OWID_YGS,22.12781,8.753218
Yugoslavia,1989,OWID_YGS,22.4161,8.518538
Yugoslavia,1990,OWID_YGS,20.807,7.793037
Zambia,2004,ZMB,16.53609085,7.959890842
Zimbabwe,2004,ZWE,18.83601761,9.376058578
